seed,screen_auroc,test_cvd,test_no_cvd,tuned_lr,final_auroc,threshold,match
0,0.9103593036177308,91,89,0.001,0.9103593036177308,0.4646464646464647,0.0
1,0.9286984126984128,105,75,,,,
2,0.8643973214285714,96,84,,,,
3,0.8967633928571428,96,84,,,,
4,0.940266866192792,99,81,,,,
5,0.8975282573593342,97,83,,,,
6,0.892888888888889,105,75,,,,
7,0.8802219728145654,99,81,,,,
8,0.8970495523893582,103,77,,,,
9,0.8676506916996047,88,92,,,,
10,0.8647336983573919,98,82,,,,
11,0.8888265369746852,99,81,,,,
12,0.9274761186525892,102,78,,,,
13,0.8807430340557276,95,85,,,,
14,0.8774282491540293,101,79,,,,
15,0.8770835905667367,91,89,,,,
16,0.9209375,100,80,,,,
17,0.9003850453359832,97,83,,,,
18,0.853360615079365,96,84,,,,
19,0.8793081839829552,101,79,,,,
20,0.9189723320158104,92,88,,,,
21,0.9354898565066798,94,86,,,,
22,0.910300925925926,108,72,0.001,0.910300925925926,0.3333333333333333,0.0
23,0.8603531300160513,89,91,,,,
24,0.8730417345532021,101,79,,,,
25,0.8623286825534016,89,91,,,,
26,0.8786188745456823,101,79,,,,
27,0.8824839188520535,86,94,,,,
28,0.896513010170387,113,67,,,,
29,0.8848051619433199,104,76,,,,
30,0.8898273506396721,97,83,,,,
31,0.8346749226006193,95,85,,,,
32,0.908398412495199,107,73,,,,
33,0.8916996536368135,94,86,,,,
34,0.87225,100,80,,,,
35,0.9027272727272728,110,70,,,,
36,0.901359271729642,99,81,,,,
37,0.9100506235337696,89,91,0.001,0.9100506235337696,0.2525252525252525,0.0
38,0.896594427244582,95,85,,,,
39,0.9154375,100,80,0.001,0.9154375,0.4343434343434343,0.0
40,0.9085595776772248,102,78,,,,
41,0.9255453284579498,103,77,,,,
42,0.8722785749628897,94,86,,,,
43,0.9066077650572424,98,82,,,,
44,0.9315625,100,80,,,,
45,0.9073065015479876,95,85,,,,
46,0.9111417470861012,101,79,0.001,0.9111417470861012,0.2121212121212121,0.0
47,0.8731875,100,80,,,,
48,0.8501364087301587,96,84,,,,
49,0.910351784138192,103,77,0.001,0.910351784138192,0.5656565656565657,0.0
50,0.8745600804424334,102,78,,,,
51,0.9142206477732794,104,76,0.0014384498882876,0.9157388663967612,0.303030303030303,0.0
52,0.8860129417620707,98,82,,,,
53,0.9108046558704456,104,76,0.001,0.9108046558704456,0.303030303030303,0.0
54,0.8622042181069959,108,72,,,,
55,0.8622022696096769,99,81,,,,
56,0.9027919428862824,106,74,,,,
57,0.874984412021449,99,81,,,,
58,0.9354575163398692,102,78,,,,
59,0.8861587850351896,91,89,,,,
60,0.875306887194728,109,71,,,,
61,0.8912380952380953,105,75,,,,
62,0.8936631944444444,96,84,,,,
63,0.8896949404761905,96,84,,,,
64,0.8771428571428572,110,70,,,,
65,0.908428093645485,115,65,,,,
66,0.9277791942886284,106,74,,,,
67,0.9320652173913044,92,88,,,,
68,0.9173718267794924,98,82,,,,
69,0.9152061530702308,103,77,0.001,0.9152061530702308,0.3535353535353536,0.0
70,0.9124953421935164,97,83,0.001,0.9124953421935164,0.2525252525252525,0.0
71,0.8559941520467836,114,66,,,,
72,0.8798906968078499,97,83,,,,
73,0.9049215587044536,104,76,,,,
74,0.9085079365079364,105,75,,,,
75,0.8902439024390244,98,82,,,,
76,0.9160371517027864,95,85,0.001,0.9160371517027864,0.4040404040404041,0.0
77,0.8965538537549406,92,88,,,,
78,0.8877821207918295,103,77,,,,
79,0.8981458437033351,98,82,,,,
80,0.9391875,100,80,,,,
81,0.8919169447534299,93,87,,,,
82,0.9289188178077068,99,81,,,,
83,0.918892063097752,97,83,,,,
84,0.8935475611317373,107,73,,,,
85,0.9120789341377576,102,78,0.001,0.9120789341377576,0.5757575757575758,0.0
86,0.8374485596707819,108,72,,,,
87,0.8673508414074451,106,74,,,,
88,0.9026006191950464,95,85,,,,
89,0.901616743952876,101,79,,,,
90,0.9120553359683794,92,88,0.001,0.9120553359683794,0.3232323232323232,0.0
91,0.9151431093178666,103,77,0.001,0.9151431093178666,0.3636363636363636,0.0
92,0.8999375,100,80,,,,
93,0.948297213622291,95,85,,,,
94,0.926012845849802,92,88,,,,
95,0.8529996273754813,97,83,,,,
96,0.9388235294117648,85,95,,,,
97,0.949511803238166,93,87,,,,
98,0.9013125,100,80,,,,
99,0.8811758893280632,92,88,,,,
100,0.8970278637770899,95,85,,,,
101,0.889,100,80,,,,
102,0.905415476338343,97,83,,,,
103,0.9238125,100,80,,,,
104,0.9117647058823528,102,78,0.001,0.9117647058823528,0.1919191919191919,0.0
105,0.8908773743377698,109,71,,,,
106,0.9306493506493508,110,70,,,,
107,0.8834674922600618,95,85,,,,
108,0.9020625,100,80,,,,
109,0.8909374999999999,100,80,,,,
110,0.9220593715066452,97,83,,,,
111,0.8942207792207792,110,70,,,,
112,0.8924018357980623,106,74,,,,
113,0.9328646092583376,98,82,,,,
114,0.8567695370831259,98,82,,,,
115,0.8860581231596467,107,73,,,,
116,0.9187368681250772,93,87,,,,
117,0.8827499999999999,100,80,,,,
118,0.9029756651115874,103,77,,,,
119,0.8625636566886101,97,83,,,,
120,0.8966588001490499,97,83,,,,
121,0.8806620209059234,98,82,,,,
122,0.8910590277777778,96,84,,,,
123,0.892427962269027,109,71,,,,
124,0.8879681174089069,104,76,,,,
125,0.8835067051008898,101,79,,,,
126,0.9045138888888892,96,84,,,,
127,0.8760402434480188,97,83,,,,
128,0.8882284532885386,109,71,,,,
129,0.8962418300653594,102,78,,,,
130,0.8972043542800594,86,94,,,,
131,0.9179605018010184,97,83,,,,
132,0.8747963403935329,101,79,,,,
133,0.953125,88,92,,,,
134,0.8854489164086687,95,85,,,,
135,0.9229288287169296,97,83,,,,
136,0.8691358024691358,90,90,,,,
137,0.9064430714916152,103,77,,,,
138,0.9280478395061726,108,72,,,,
139,0.9020516623408726,87,93,,,,
140,0.9249906003258552,101,79,,,,
141,0.9016099071207432,95,85,,,,
142,0.9195575666163902,102,78,,,,
143,0.9216943187531424,102,78,,,,
144,0.8508836979359783,93,87,,,,
145,0.8968421052631579,95,85,,,,
146,0.878754171301446,93,87,,,,
147,0.8637398785425101,104,76,,,,
148,0.8754960317460317,96,84,,,,
149,0.877868434472208,106,74,,,,
150,0.8900864770021306,101,79,,,,
151,0.9149672475590164,93,87,0.001,0.9149672475590164,0.303030303030303,0.0
152,0.8822766036336671,93,87,,,,
153,0.8674398304027933,99,81,,,,
154,0.8970278637770898,95,85,,,,
155,0.9088436234817816,104,76,,,,
156,0.9230530368898272,97,83,,,,
157,0.9163476972465736,91,89,0.001,0.9163476972465736,0.2424242424242424,0.0
158,0.8557275541795667,95,85,,,,
159,0.9074649111911564,97,83,,,,
160,0.8868840219014436,98,82,,,,
161,0.8978129713423831,102,78,,,,
162,0.8694350916573138,99,81,,,,
163,0.8947335734691342,97,83,,,,
164,0.8625140995112168,101,79,,,,
165,0.8530065440177799,91,89,,,,
166,0.8873195619711299,98,82,,,,
167,0.9325431849703694,103,77,,,,
168,0.9106875,100,80,0.001,0.9106875,0.4242424242424242,0.0
169,0.8757407407407408,90,90,,,,
170,0.8378343455226773,109,71,,,,
171,0.9263663967611336,104,76,,,,
172,0.9342137896825398,96,84,,,,
173,0.9164484349669536,99,81,0.001,0.9164484349669536,0.4141414141414142,0.0
174,0.9124171341152474,106,74,0.001,0.9124171341152474,0.5454545454545455,0.0
175,0.914509706321553,98,82,0.001,0.914509706321553,0.6363636363636365,0.0
176,0.8809170683475466,93,87,,,,
177,0.908272264314992,97,83,,,,
178,0.9133778842516708,103,77,0.001,0.9133778842516708,0.4545454545454546,0.0
179,0.8992089976517119,93,87,,,,
180,0.8982735063967209,97,83,,,,
181,0.8838734567901234,108,72,,,,
182,0.918848814229249,88,92,,,,
183,0.9181922929202406,107,73,,,,
184,0.8772402556711367,101,79,,,,
185,0.9207589285714288,96,84,,,,
186,0.9071312194510592,101,79,,,,
187,0.906234444997511,98,82,,,,
188,0.8890774258421318,102,78,,,,
189,0.9233630952380952,96,84,,,,
190,0.8878305552074195,101,79,,,,
191,0.8972932888394513,93,87,,,,
192,0.9295669487307118,98,82,,,,
193,0.8981564460376392,107,73,,,,
194,0.899924802606843,101,79,,,,
195,0.922797516840576,113,67,,,,
196,0.9104459073407032,97,83,0.0014384498882876,0.9097006583033164,0.595959595959596,0.0
197,0.9523629964806436,102,78,,,,
198,0.8940640977678015,99,81,,,,
199,0.833956852475371,99,81,,,,
200,0.8830680536408071,101,79,,,,
201,0.881470881035341,98,82,,,,
202,0.9026256844201094,82,98,,,,
203,0.9279478744939272,104,76,,,,
204,0.8895851610477503,101,79,,,,
205,0.9152981849611064,89,91,0.001,0.9152981849611064,0.5151515151515152,0.0
206,0.8449234189723319,88,92,,,,
207,0.9192850074220682,94,86,,,,
208,0.8960982837387332,91,89,,,,
209,0.9268125,100,80,,,,
210,0.8715857125200842,93,87,,,,
211,0.8694334487877289,94,86,,,,
212,0.8957093253968254,96,84,,,,
213,0.8755434107564277,97,83,,,,
214,0.8887104743083003,92,88,,,,
215,0.9210625,100,80,,,,
216,0.9196913580246914,90,90,,,,
217,0.8860759493670887,101,79,,,,
218,0.9226810515873016,96,84,,,,
219,0.8829678735339113,106,74,,,,
220,0.8871585712520085,87,93,,,,
221,0.8847348155508633,97,83,,,,
222,0.914358464786983,97,83,0.001,0.914358464786983,0.494949494949495,0.0
223,0.8960440404557675,107,73,,,,
224,0.902031746031746,105,75,,,,
225,0.9309357889497264,98,82,,,,
226,0.9089648215861807,103,77,,,,
227,0.9001731815932706,94,86,,,,
228,0.9003267973856209,102,78,,,,
229,0.8927511133102425,86,94,,,,
230,0.9303075396825397,96,84,,,,
231,0.8937201188784081,109,71,,,,
232,0.9172865968982472,103,77,,,,
233,0.9385323414449628,103,77,,,,
234,0.8646709549727858,94,86,,,,
235,0.912875,100,80,0.001,0.912875,0.3636363636363636,0.0
236,0.9145719263315084,98,82,0.001,0.9145719263315084,0.5656565656565657,0.0
237,0.8580254696759552,103,77,,,,
238,0.9100298656047784,98,82,0.001,0.9100298656047784,0.3434343434343435,0.0
239,0.8978909465020577,108,72,,,,
240,0.9242330145323562,97,83,,,,
241,0.8516883116883117,110,70,,,,
242,0.8903769841269842,96,84,,,,
243,0.8996077935222672,104,76,,,,
244,0.9165329052969504,91,89,0.001,0.9165329052969504,0.3737373737373737,0.0
245,0.8779012345679013,90,90,,,,
246,0.9128287442894184,91,89,0.001,0.9128287442894184,0.3131313131313131,0.0
247,0.923418972332016,92,88,,,,
248,0.887987012987013,110,70,,,,
249,0.8961161387631975,102,78,,,,
250,0.8829855332223786,107,73,,,,
251,0.8843330014932802,98,82,,,,
252,0.9024344801887964,97,83,,,,
253,0.9101861295257522,106,74,0.001,0.9101861295257522,0.2424242424242424,0.0
254,0.896366332962551,93,87,,,,
255,0.9010701841712294,98,82,,,,
256,0.9105263157894736,95,85,,,,
257,0.9289772727272728,92,88,,,,
258,0.8791378458498023,88,92,,,,
259,0.8963183198380567,104,76,,,,
260,0.8867689238059608,99,81,,,,
261,0.9088125,100,80,,,,
262,0.9004216269841271,84,96,,,,
263,0.9077399380804954,95,85,,,,
264,0.9038437770362132,87,93,,,,
265,0.92648709315376,99,81,,,,
266,0.8937777777777779,105,75,,,,
267,0.8826491585925549,106,74,,,,
268,0.9104938271604938,90,90,,,,
269,0.8978395061728395,90,90,,,,
270,0.8805803571428572,96,84,,,,
271,0.8483809523809523,105,75,,,,
272,0.8753858024691357,108,72,,,,
273,0.8710334609211013,89,91,,,,
274,0.9070104652628924,103,77,,,,
275,0.915055690692613,107,73,,,,
276,0.9314695695200396,94,86,,,,
277,0.8867761452031114,91,89,,,,
278,0.8964686998394864,91,89,,,,
279,0.9173487103174603,96,84,,,,
280,0.9008157211716724,87,93,,,,
281,0.8956521739130434,115,65,,,,
282,0.8788734243697479,112,68,,,,
283,0.9105706385118147,102,78,,,,
284,0.8638927183857625,101,79,,,,
285,0.911522633744856,99,81,,,,
286,0.92800642689408,93,87,,,,
287,0.8767766654307254,93,87,,,,
288,0.8848983663798479,99,81,,,,
289,0.898530138339921,92,88,,,,
290,0.8913607712272895,93,87,,,,
291,0.9030864197530863,90,90,,,,
292,0.9266117969821672,99,81,,,,
293,0.8867025943100639,101,79,,,,
294,0.9139014580191052,102,78,0.001,0.9139014580191052,0.1919191919191919,0.0
295,0.8737937084847724,101,79,,,,
296,0.8739495798319328,112,68,,,,
297,0.926875,100,80,,,,
298,0.8887306501547989,95,85,,,,
299,0.8922106068332485,106,74,,,,
300,0.8988311688311689,110,70,,,,
301,0.8977089783281733,95,85,,,,
302,0.8806284017812964,94,86,,,,
303,0.906312003968254,96,84,,,,
304,0.8650704576630502,99,81,,,,
305,0.8875370553359684,88,92,,,,
306,0.8896875,100,80,,,,
307,0.8602476780185758,95,85,,,,
308,0.8981584476578915,93,87,,,,
309,0.9206930816047696,97,83,,,,
310,0.9227714033539276,103,77,,,,
311,0.8788235294117648,95,85,,,,
312,0.887591603527512,97,83,,,,
313,0.918975754576942,94,86,,,,
314,0.8838730158730159,105,75,,,,
315,0.9119278779472956,103,77,,,,
316,0.9064126984126986,105,75,,,,
317,0.8872677391195909,99,81,,,,
318,0.9103260869565216,92,88,,,,
319,0.8594449975111996,98,82,,,,
320,0.9133968253968252,105,75,0.001,0.9133968253968252,0.29292929292929293,0.0
321,0.8431372549019609,102,78,,,,
322,0.8700846192135391,98,82,,,,
323,0.8786437747035574,92,88,,,,
324,0.8427700348432057,98,82,,,,
325,0.9038582776446855,103,77,,,,
326,0.8969753086419753,90,90,,,,
327,0.8545386904761906,96,84,,,,
328,0.8675071066617229,93,87,,,,
329,0.9039673711531331,87,93,,,,
330,0.9188988095238095,96,84,,,,
331,0.8453124999999999,100,80,,,,
332,0.8638390092879258,95,85,,,,
333,0.8920799595141702,104,76,,,,
334,0.9184027777777779,96,84,,,,
335,0.8919561484612336,113,67,,,,
336,0.8880812131846095,101,79,,,,
337,0.9294974688233114,91,89,,,,
338,0.8722718253968254,96,84,,,,
339,0.9244470164609053,108,72,,,,
340,0.8887654320987655,90,90,,,,
341,0.9056507936507938,105,75,,,,
342,0.9194664031620552,92,88,,,,
343,0.8707941613062841,94,86,,,,
344,0.8818147637548566,101,79,,,,
345,0.8726150392817059,99,81,,,,
346,0.8764086687306504,95,85,,,,
347,0.8929375,100,80,,,,
348,0.8711569329546859,91,89,,,,
349,0.913625,100,80,0.001,0.913625,0.27272727272727276,0.0
350,0.9058779761904763,96,84,,,,
351,0.875866851595007,103,77,,,,
352,0.8889506859473489,93,87,,,,
353,0.8994773074961755,106,74,,,,
354,0.9353125,100,80,,,,
355,0.9062345679012347,90,90,,,,
356,0.9175878772823252,97,83,,,,
357,0.881014384920635,96,84,,,,
358,0.9139784946236559,93,87,0.001,0.9139784946236559,0.4141414141414142,0.0
359,0.8837697628458497,92,88,,,,
360,0.8616363861080214,93,87,,,,
361,0.888092885375494,92,88,,,,
362,0.9165635823849579,94,86,,,,
363,0.9196875,100,80,,,,
364,0.88917004048583,104,76,,,,
365,0.8550858979112594,93,87,,,,
366,0.8819891142998515,86,94,,,,
367,0.8915461624026696,93,87,,,,
368,0.9017812963879268,86,94,,,,
369,0.8697427016328549,94,86,,,,
370,0.9219457013574661,102,78,,,,
371,0.9121874999999999,100,80,0.001,0.9121874999999999,0.4141414141414142,0.0
372,0.9020748987854251,104,76,,,,
373,0.8802469135802469,90,90,,,,
374,0.8909281918180695,87,93,,,,
375,0.8851875,100,80,,,,
376,0.9190023459686382,91,89,,,,
377,0.9057739085904494,107,73,,,,
378,0.8770856507230257,93,87,,,,
379,0.8930664671405413,99,81,,,,
380,0.8865729218516675,98,82,,,,
381,0.8670370370370369,90,90,,,,
382,0.9036662925551815,99,81,,,,
383,0.879587732528909,102,78,,,,
384,0.9161955907292255,122,58,,,,
385,0.8693799407114624,92,88,,,,
386,0.8734537357743691,86,94,,,,
387,0.8671104852131609,107,73,,,,
388,0.8969135802469136,90,90,,,,
389,0.8923953399052618,107,73,,,,
390,0.9067168786269909,89,91,,,,
391,0.9266419152477277,107,73,,,,
392,0.894999376480858,99,81,,,,
393,0.8869084585765744,97,83,,,,
394,0.919238683127572,108,72,,,,
395,0.8950321523137058,103,77,,,,
396,0.8639870582379294,98,82,,,,
397,0.9233283056812468,102,78,,,,
398,0.931495769039323,98,82,,,,
399,0.9154130545639978,106,74,,,,
400,0.9128943758573388,99,81,0.001,0.9128943758573388,0.37373737373737376,0.0
401,0.9042257085020242,104,76,,,,
402,0.9142785319255907,102,78,,,,
403,0.8963636363636364,110,70,,,,
404,0.8975238095238095,105,75,,,,
405,0.899244654973755,107,73,,,,
406,0.8906250000000001,92,88,,,,
407,0.9061612544758613,91,89,,,,
408,0.9261856195818461,106,74,,,,
409,0.9150624999999999,100,80,,,,
410,0.8874545682416342,101,79,,,,
411,0.898630313994056,109,71,,,,
412,0.9179335063650971,93,87,,,,
413,0.8946538897995209,103,77,,,,
414,0.8824734348995007,107,73,,,,
415,0.9361702127659574,94,86,,,,
416,0.8881906421105027,98,82,,,,
417,0.8703497713508838,93,87,,,,
418,0.8980263157894737,104,76,,,,
419,0.9116773874319644,94,86,,,,
420,0.8996983408748115,102,78,,,,
421,0.909011154279985,101,79,,,,
422,0.8937082335140587,103,77,,,,
423,0.914463932806324,88,92,,,,
424,0.8795083992094861,92,88,,,,
425,0.8993902439024389,98,82,,,,
426,0.9018790443006471,98,82,,,,
427,0.9103405572755419,95,85,,,,
428,0.909283225485316,98,82,,,,
429,0.8985910270671116,93,87,,,,
430,0.9075625,100,80,,,,
431,0.9121443789948614,101,79,0.001,0.9121443789948614,0.33333333333333337,0.0
432,0.9277964833520389,99,81,,,,
433,0.8739316239316239,102,78,,,,
434,0.9070624999999999,100,80,,,,
435,0.891640866873065,95,85,,,,
436,0.8865764170040487,104,76,,,,
437,0.925335988053758,98,82,,,,
438,0.8897499999999999,100,80,,,,
439,0.9406622023809524,96,84,,,,
440,0.9110238184312258,99,81,,,,
441,0.8988813474107592,102,78,,,,
442,0.9236190476190477,105,75,,,,
443,0.9299705543464345,107,73,,,,
444,0.9408708560118753,94,86,,,,
445,0.931604938271605,90,90,,,,
446,0.8760540674603173,96,84,,,,
447,0.8400634920634921,105,75,,,,
448,0.8393291511970299,107,73,,,,
449,0.8949104031856645,98,82,,,,
450,0.9196249999999999,100,80,,,,
451,0.8999999999999999,95,85,,,,
452,0.8772402556711368,101,79,,,,
453,0.9017586032388665,104,76,,,,
454,0.9033125,100,80,,,,
455,0.8819169960474308,92,88,,,,
456,0.9509524987629886,86,94,,,,
457,0.9131163830580052,97,83,0.001,0.9131163830580052,0.5656565656565657,0.0
458,0.9051049559060986,97,83,,,,
459,0.8985918972332015,92,88,,,,
460,0.8925037110341416,94,86,,,,
461,0.9053269064392536,93,87,,,,
462,0.8413775444885419,107,73,,,,
463,0.9113774686374363,97,83,,,,
464,0.9154589371980677,111,69,,,,
465,0.9131618010885699,94,86,0.001,0.9131618010885699,0.3535353535353536,0.0
466,0.9158324063774564,93,87,,,,
467,0.9150800655655025,103,77,,,,
468,0.8928390688259109,104,76,,,,
469,0.9196994162215874,97,83,,,,
470,0.8564658935029306,99,81,,,,
471,0.9138394571757777,107,73,0.001,0.9138394571757777,0.43434343434343436,0.0
472,0.9510433386837881,91,89,,,,
473,0.8592093777278963,99,81,,,,
474,0.8812507833061788,101,79,,,,
475,0.8892321270962048,103,77,,,,
476,0.8773305346339054,89,91,,,,
477,0.9212248425731572,89,91,,,,
478,0.8830598268510144,109,71,,,,
479,0.9081477732793523,104,76,,,,
480,0.9007844650205761,108,72,,,,
481,0.87425,100,80,,,,
482,0.9180145696999631,89,91,,,,
483,0.899390243902439,98,82,,,,
484,0.895046439628483,85,95,,,,
485,0.8734567901234568,108,72,,,,
486,0.8974454365079364,96,84,,,,
487,0.9156005465159608,97,83,,,,
488,0.872279858299595,104,76,,,,
489,0.8955555555555557,105,75,,,,
490,0.9310938296787353,106,74,,,,
491,0.9197984071677451,98,82,,,,
492,0.8542417091044591,97,83,,,,
493,0.8991331269349846,95,85,,,,
494,0.9133095359510455,106,74,0.001,0.9133095359510455,0.37373737373737376,0.0
495,0.889969040247678,95,85,,,,
496,0.8822875494071146,88,92,,,,
497,0.907381877428249,101,79,,,,
498,0.8997604337410162,103,77,,,,
499,0.8781517823872811,97,83,,,,
500,0.8879642280462055,97,83,,,,
501,0.9131437835141539,99,81,0.001,0.9131437835141539,0.4141414141414142,0.0
502,0.9181427125506072,104,76,,,,
503,0.8367712450592885,92,88,,,,
504,0.9509841269841269,105,75,,,,
505,0.8912425889328063,92,88,,,,
506,0.8997490423986263,113,67,,,,
507,0.9002350321622958,94,86,,,,
508,0.8825494893456057,103,77,,,,
509,0.888827091830429,87,93,,,,
510,0.8475255200930353,109,71,,,,
511,0.8575238095238096,105,75,,,,
512,0.9055019425993233,101,79,,,,
513,0.8790820829655782,103,77,,,,
514,0.8945470647773279,104,76,,,,
515,0.863625,100,80,,,,
516,0.9074922600619195,95,85,,,,
517,0.8867877889012483,93,87,,,,
518,0.8825237918675071,93,87,,,,
519,0.8700396825396824,96,84,,,,
520,0.9086349206349206,105,75,,,,
521,0.9047944354738541,97,83,,,,
522,0.8769796732759695,99,81,,,,
523,0.9053869969040247,95,85,,,,
524,0.8749377799900447,98,82,,,,
525,0.8883928571428572,96,84,,,,
526,0.8591662543295399,94,86,,,,
527,0.9041874999999999,100,80,,,,
528,0.8692260061919505,85,95,,,,
529,0.8478613293428108,99,81,,,,
530,0.8829787234042553,94,86,,,,
531,0.8841463414634145,98,82,,,,
532,0.8562788377603192,99,81,,,,
533,0.9231397687280041,102,78,,,,
534,0.8543749999999999,100,80,,,,
535,0.917962962962963,90,90,,,,
536,0.9153936545240894,111,69,,,,
537,0.8796502976190476,96,84,,,,
538,0.8937523381967826,99,81,,,,
539,0.8987703390883118,97,83,,,,
540,0.8475541795665634,95,85,,,,
541,0.9037605145967343,94,86,,,,
542,0.9507457074821407,101,79,,,,
543,0.8951240803092653,99,81,,,,
544,0.8889512408030926,99,81,,,,
545,0.9169808949220714,102,78,,,,
546,0.853417377332839,87,93,,,,
547,0.8599576006983414,99,81,,,,
548,0.9042857142857142,110,70,,,,
549,0.9046873041734553,101,79,,,,
550,0.9189841269841269,105,75,,,,
551,0.904621687363974,107,73,,,,
552,0.90975,100,80,,,,
553,0.9034469251860555,111,69,,,,
554,0.9022945504426986,99,81,,,,
555,0.9034598214285715,96,84,,,,
556,0.9031250000000002,100,80,,,,
557,0.916046626984127,96,84,,,,
558,0.9433797909407664,98,82,,,,
559,0.8694071938839454,101,79,,,,
560,0.8735556722689077,112,68,,,,
561,0.894122896481387,106,74,,,,
562,0.8821482793522267,104,76,,,,
563,0.8838692172025506,117,63,,,,
564,0.8972473604826546,102,78,,,,
565,0.9594460315488759,97,83,,,,
566,0.8857284809340455,97,83,,,,
567,0.8830286561264822,92,88,,,,
568,0.88298139768728,102,78,,,,
569,0.8805320892699533,103,77,,,,
570,0.8907481586768317,109,71,,,,
571,0.8987556561085973,102,78,,,,
572,0.9011302943733697,97,83,,,,
573,0.8878348214285714,96,84,,,,
574,0.8870824898785425,104,76,,,,
575,0.9180246913580247,90,90,,,,
576,0.8541352438411262,102,78,,,,
577,0.8400578179989945,102,78,,,,
578,0.8766968325791855,102,78,,,,
579,0.8386865125995561,111,69,,,,
580,0.918014569699963,89,91,,,,
581,0.8406729341909946,94,86,,,,
582,0.8975694444444445,96,84,,,,
583,0.9051339285714285,96,84,,,,
584,0.9023060533901491,101,79,,,,
585,0.8842020750988142,92,88,,,,
586,0.9249382716049382,90,90,,,,
587,0.9155121227115289,94,86,,,,
588,0.930608717125571,89,91,,,,
589,0.8797169811320754,106,74,,,,
590,0.8586956521739131,92,88,,,,
591,0.9144728710913359,93,87,,,,
592,0.8712712840865446,107,73,,,,
593,0.9219977553310886,99,81,,,,
594,0.886535834057881,97,83,,,,
595,0.880812131846096,101,79,,,,
596,0.9132030861124937,98,82,0.001,0.9132030861124937,0.4545454545454546,0.0
597,0.8751080380293863,91,89,,,,
598,0.8908082209053083,103,77,,,,
599,0.8817204301075269,93,87,,,,
600,0.923844537815126,112,68,,,,
601,0.883495145631068,103,77,,,,
602,0.8997013439522149,98,82,,,,
603,0.8782267115600448,99,81,,,,
604,0.9408708560118754,94,86,,,,
605,0.9064780437844068,107,73,,,,
606,0.8614982578397213,98,82,,,,
607,0.8730625,100,80,,,,
608,0.9218730592472986,97,83,,,,
609,0.8723656316248909,99,81,,,,
610,0.8771474477814856,93,87,,,,
611,0.8586929563492064,84,96,,,,
612,0.8762314503055244,99,81,,,,
613,0.8827160493827159,90,90,,,,
614,0.9219999999999999,100,80,,,,
615,0.8891442056887342,97,83,,,,
616,0.8895124080309266,99,81,,,,
617,0.8728855414248672,89,91,,,,
618,0.9258679032460208,101,79,,,,
619,0.9143235405371328,103,77,,,,
620,0.9153117398540519,107,73,,,,
621,0.9057247899159664,112,68,,,,
622,0.87629886194953,94,86,,,,
623,0.8990740740740741,90,90,,,,
624,0.8982820417748116,93,87,,,,
625,0.833934793429567,98,82,,,,
626,0.9333250865907966,94,86,,,,
627,0.871480643539467,102,78,,,,
628,0.8972602739726028,107,73,,,,
629,0.874814723320158,92,88,,,,
630,0.9078018575851393,95,85,,,,
631,0.8946103896103896,110,70,,,,
632,0.8903720182919292,87,93,,,,
633,0.9118121972425786,97,83,,,,
634,0.8993325917686318,93,87,,,,
635,0.8805337323855843,99,81,,,,
636,0.8872821653689285,93,87,,,,
637,0.9174962667994027,98,82,,,,
638,0.86687748015873,96,84,,,,
639,0.8645625,100,80,,,,
640,0.9030612244897959,98,82,,,,
641,0.9047944354738541,97,83,,,,
642,0.917716049382716,90,90,,,,
643,0.904185988219075,101,79,,,,
644,0.8767499999999999,100,80,,,,
645,0.8927758097165992,104,76,,,,
646,0.8693951061979879,97,83,,,,
647,0.9037698412698412,96,84,,,,
648,0.8895224965534528,101,79,,,,
649,0.8891239422598308,98,82,,,,
650,0.9032038594755072,94,86,,,,
651,0.8616138763197587,102,78,,,,
652,0.9053199404761905,96,84,,,,
653,0.8698127530364371,104,76,,,,
654,0.8943504230960677,98,82,,,,
655,0.9225000000000001,100,80,,,,
656,0.8982473836842768,103,77,,,,
657,0.8828482972136222,95,85,,,,
658,0.858211747100636,99,81,,,,
659,0.8719834087481145,102,78,,,,
660,0.9244791666666667,96,84,,,,
661,0.8934077618288145,114,66,,,,
662,0.8858252913898985,101,79,,,,
663,0.8697494939271255,104,76,,,,
664,0.8680830039525692,92,88,,,,
665,0.8656067569246056,97,83,,,,
666,0.8735625,100,80,,,,
667,0.927762568442011,98,82,,,,
668,0.862895256916996,92,88,,,,
669,0.8761690983913206,99,81,,,,
670,0.9080238479691964,97,83,,,,
671,0.9130814315999501,99,81,0.001,0.9130814315999501,0.36363636363636365,0.0
672,0.9065344806085547,99,81,,,,
673,0.8750617588932806,88,92,,,,
674,0.9603095975232199,95,85,,,,
675,0.9017586032388665,104,76,,,,
676,0.9028275095690826,91,89,,,,
677,0.894547064777328,104,76,,,,
678,0.8866442199775533,99,81,,,,
679,0.8791617704661183,111,69,,,,
680,0.9095909034729948,93,87,,,,
681,0.8748755599800895,98,82,,,,
682,0.9115133232780291,102,78,,,,
683,0.9068730650154799,95,85,,,,
684,0.8792383603238867,104,76,,,,
685,0.8825345849802372,92,88,,,,
686,0.9215734784760021,94,86,,,,
687,0.8493083003952568,88,92,,,,
688,0.8852428624397479,93,87,,,,
689,0.9024713150926743,103,77,,,,
690,0.9234189723320159,92,88,,,,
691,0.87140376984127,96,84,,,,
692,0.8774121721919841,94,86,,,,
693,0.9169808949220714,102,78,,,,
694,0.916875,100,80,,,,
695,0.9188028870084618,98,82,,,,
696,0.9150791687283523,94,86,,,,
697,0.9145225136071251,94,86,,,,
698,0.895625,100,80,,,,
699,0.8734560276679841,92,88,,,,
700,0.894984520123839,95,85,,,,
701,0.8385390741662518,98,82,,,,
702,0.8764454499748617,102,78,,,,
703,0.8836532507739938,95,85,,,,
704,0.8996284829721363,95,85,,,,
705,0.9024635495223731,102,78,,,,
706,0.8649857160601169,97,83,,,,
707,0.944818555929667,99,81,,,,
708,0.8814708810353409,98,82,,,,
709,0.8844863992050678,97,83,,,,
710,0.912625,100,80,0.001,0.912625,0.5252525252525253,0.0
711,0.8755599800895968,98,82,,,,
712,0.945405138339921,92,88,,,,
713,0.9068730650154799,85,95,,,,
714,0.8865097736625515,108,72,,,,
715,0.9183572488866898,94,86,,,,
716,0.8781979977753058,93,87,,,,
717,0.8932716049382716,90,90,,,,
718,0.8818124999999999,100,80,,,,
719,0.8556210051384886,101,79,,,,
720,0.9273091866148641,101,79,,,,
721,0.881729920564872,103,77,,,,
722,0.9041305456399796,106,74,,,,
723,0.9344126984126984,105,75,,,,
724,0.9136566056407719,94,86,0.001,0.9136566056407719,0.32323232323232326,0.0
725,0.9022121669180493,102,78,,,,
726,0.8957509881422924,88,92,,,,
727,0.8738271604938271,90,90,,,,
728,0.8578667655419603,93,87,,,,
729,0.8677884615384616,104,76,,,,
730,0.89343146956952,94,86,,,,
731,0.914337636295275,101,79,,,,
732,0.9103827934963513,107,73,,,,
733,0.9392712550607287,104,76,,,,
734,0.8876616379310345,116,64,,,,
735,0.8881546442687747,92,88,,,,
736,0.9077049595141701,104,76,,,,
737,0.9226093495425491,101,79,,,,
738,0.870993889512408,99,81,,,,
739,0.9027447048502317,101,79,,,,
740,0.8626804380288702,98,82,,,,
741,0.902050395256917,92,88,,,,
742,0.8827863777089784,95,85,,,,
743,0.911772041401671,99,81,,,,
744,0.8983410493827161,108,72,,,,
745,0.8664646214745176,94,86,,,,
746,0.9026007139214688,106,74,,,,
747,0.9029786182177728,87,93,,,,
748,0.9029180695847362,99,81,,,,
749,0.8972136222910216,95,85,,,,
750,0.8783682165684924,101,79,,,,
751,0.9352058531746033,96,84,,,,
752,0.8770410687778327,94,86,,,,
753,0.8764128679667121,97,83,,,,
754,0.9196117471378795,98,82,,,,
755,0.9055966343702195,106,74,,,,
756,0.8657407407407408,108,72,,,,
757,0.8569999999999999,100,80,,,,
758,0.9076133976022742,93,87,,,,
759,0.8809074912016088,102,78,,,,
760,0.9155625000000001,100,80,,,,
761,0.8676379799975306,89,91,,,,
762,0.8855774016923842,98,82,,,,
763,0.9176954732510288,99,81,,,,
764,0.9065437902028698,94,86,,,,
765,0.8949104031856645,98,82,,,,
766,0.9053250773993808,95,85,,,,
767,0.8446763833992094,92,88,,,,
768,0.8485281331511614,97,83,,,,
769,0.8879886194952994,94,86,,,,
770,0.8957893429387653,97,83,,,,
771,0.9217947111166813,101,79,,,,
772,0.8800972689861578,99,81,,,,
773,0.9082262845849802,92,88,,,,
774,0.87125,100,80,,,,
775,0.8822148065752069,93,87,,,,
776,0.8709938895124081,99,81,,,,
777,0.8831822133896411,97,83,,,,
778,0.9142019377868434,106,74,,,,
779,0.8917027863777091,95,85,,,,
780,0.8652302753426349,91,89,,,,
781,0.922375,100,80,,,,
782,0.9159450766947056,94,86,,,,
783,0.8746229260935143,102,78,,,,
784,0.9375238095238095,105,75,,,,
785,0.8838315217391304,92,88,,,,
786,0.8956825396825397,105,75,,,,
787,0.9349206349206349,105,75,,,,
788,0.9046015712682378,99,81,,,,
789,0.8838750000000001,100,80,,,,
790,0.910174095567354,91,89,,,,
791,0.879286694101509,99,81,,,,
792,0.8731888544891642,85,95,,,,
793,0.8996190476190478,105,75,,,,
794,0.8918817807706697,99,81,,,,
795,0.8843125000000001,100,80,,,,
796,0.9370823351405876,103,77,,,,
797,0.896276595744681,94,86,,,,
798,0.906995427017674,93,87,,,,
799,0.8812199036918138,91,89,,,,
800,0.9014720435428006,94,86,,,,
801,0.9238683127572017,99,81,,,,
802,0.8897540477073291,93,87,,,,
803,0.8984056358917315,93,87,,,,
804,0.9163140866102539,98,82,,,,
805,0.8680288162961123,97,83,,,,
806,0.8498452012383901,95,85,,,,
807,0.8726385973576986,91,89,,,,
808,0.8964303359683793,92,88,,,,
809,0.8643579567276917,107,73,,,,
810,0.809535951045385,106,74,,,,
811,0.8928571428571428,96,84,,,,
812,0.8982416760194538,99,81,,,,
813,0.8742499999999999,100,80,,,,
814,0.9278273809523809,96,84,,,,
815,0.9044117647058822,102,78,,,,
816,0.8894603174603177,105,75,,,,
817,0.875170278637771,85,95,,,,
818,0.8792058386937159,86,94,,,,
819,0.9168740666998507,98,82,,,,
820,0.9000746640119462,98,82,,,,
821,0.9277071243363378,89,91,,,,
822,0.8673774784885895,99,81,,,,
823,0.9090175133523785,97,83,,,,
824,0.8511926832282783,93,87,,,,
825,0.8984995586937334,103,77,,,,
826,0.897929916448435,99,81,,,,
827,0.8678018575851394,95,85,,,,
828,0.9135375494071147,92,88,0.001,0.9135375494071147,0.23232323232323235,0.0
829,0.9302736098852603,103,77,,,,
830,0.9014730585346944,109,71,,,,
831,0.9067838882653698,99,81,,,,
832,0.8778244227682429,91,89,,,,
833,0.8938364624505929,92,88,,,,
834,0.927873015873016,105,75,,,,
835,0.9388640873015872,96,84,,,,
836,0.9008441558441558,110,70,,,,
837,0.8981492982238232,97,83,,,,
838,0.8695509453781514,112,68,,,,
839,0.8669006141120442,101,79,,,,
840,0.9256799097631282,101,79,,,,
841,0.9310624999999999,100,80,,,,
842,0.917181324110672,92,88,,,,
843,0.885247975708502,104,76,,,,
844,0.8642380009896091,94,86,,,,
845,0.9139423698152216,109,71,0.001,0.9139423698152216,0.27272727272727276,0.0
846,0.8752364140713657,103,77,,,,
847,0.8974074074074074,90,90,,,,
848,0.8865015479876162,95,85,,,,
849,0.8832035595105673,93,87,,,,
850,0.9000494804552202,94,86,,,,
851,0.9450963438735178,88,92,,,,
852,0.907651223450503,97,83,,,,
853,0.9167192031269702,103,77,,,,
854,0.8647959183673469,98,82,,,,
855,0.9114609258337482,98,82,,,,
856,0.9008097165991903,104,76,,,,
857,0.8976470588235296,95,85,,,,
858,0.8619337979094077,98,82,,,,
859,0.8762192863316459,89,91,,,,
860,0.8967915778919664,101,79,,,,
861,0.90502829218107,108,72,,,,
862,0.8884548611111112,96,84,,,,
863,0.9141514101929737,94,86,,,,
864,0.8579306722689075,112,68,,,,
865,0.8692434210526315,104,76,,,,
866,0.8853333333333333,105,75,,,,
867,0.8765912742553454,93,87,,,,
868,0.8978886282257069,91,89,,,,
869,0.9032298291557551,99,81,,,,
870,0.8685256489877033,97,83,,,,
871,0.8681986941492768,107,73,,,,
872,0.899493764662304,91,89,,,,
873,0.9272030651340996,87,93,,,,
874,0.9331768774703557,92,88,,,,
875,0.8968951014349332,94,86,,,,
876,0.9047021529520538,113,67,,,,
877,0.8827091830428871,93,87,,,,
878,0.8972712680577849,89,91,,,,
879,0.9381443298969072,97,83,,,,
880,0.8694736842105264,95,85,,,,
881,0.8885198646446922,101,79,,,,
882,0.8795046439628482,95,85,,,,
883,0.891961970613656,89,91,,,,
884,0.9354798761609907,95,85,,,,
885,0.8737499999999999,100,80,,,,
886,0.8988715277777778,96,84,,,,
887,0.8982702837232455,98,82,,,,
888,0.852689106943237,97,83,,,,
889,0.9203204570860762,97,83,,,,
890,0.8755558300395258,92,88,,,,
891,0.8929985155863434,94,86,,,,
892,0.90888582529139,101,79,,,,
893,0.902875,100,80,,,,
894,0.8943034055727554,95,85,,,,
895,0.8395550527903469,102,78,,,,
896,0.8450643245917863,94,86,,,,
897,0.8666666666666667,90,90,,,,
898,0.8875798972302295,101,79,,,,
899,0.8932669272475099,103,77,,,,
900,0.8622423328305681,102,78,,,,
901,0.8811361336032388,104,76,,,,
902,0.9128440366972477,109,71,0.001,0.9128440366972477,0.42424242424242425,0.0
903,0.8976934523809524,96,84,,,,
904,0.8862847222222223,96,84,,,,
905,0.8971096837944664,92,88,,,,
906,0.9095897244045393,99,81,,,,
907,0.9100732828220097,97,83,,,,
908,0.8993608221581652,101,79,,,,
909,0.9142749718009776,101,79,,,,
910,0.8737011380504701,94,86,,,,
911,0.9143376362952751,101,79,,,,
912,0.9367816091954022,93,87,,,,
913,0.9330158337456704,94,86,,,,
914,0.8957713293650794,84,96,,,,
915,0.9074283559577677,102,78,,,,
916,0.9377142857142857,105,75,,,,
917,0.8966346153846154,104,76,,,,
918,0.9155895025460243,111,69,,,,
919,0.8686552199523749,101,79,,,,
920,0.8673469387755102,98,82,,,,
921,0.8702712792434046,98,82,,,,
922,0.8710625,100,80,,,,
923,0.8900481540930979,89,91,,,,
924,0.8811588738059327,102,78,,,,
925,0.8758028656126482,92,88,,,,
926,0.8970860600074084,91,89,,,,
927,0.8680009976306272,99,81,,,,
928,0.9153285573122528,92,88,,,,
929,0.9132775119617225,114,66,0.001,0.9132775119617225,0.30303030303030304,0.0
930,0.918057100482017,93,87,,,,
931,0.9320388349514562,103,77,,,,
932,0.8952941176470588,95,85,,,,
933,0.8998730158730158,105,75,,,,
934,0.8715273490554388,91,89,,,,
935,0.8956190476190476,105,75,,,,
936,0.8827474847844988,97,83,,,,
937,0.880847308031774,103,77,,,,
938,0.9045853417377333,87,93,,,,
939,0.8936905790838375,89,91,,,,
940,0.8640524492825334,94,86,,,,
941,0.9110389610389611,110,70,,,,
942,0.9010701841712295,98,82,,,,
943,0.8962450592885376,88,92,,,,
944,0.9061908964821588,103,77,,,,
945,0.8839942226890757,112,68,,,,
946,0.8879082082965578,103,77,,,,
947,0.8817901234567902,90,90,,,,
948,0.8768366464995678,89,91,,,,
949,0.8621584008097165,104,76,,,,
950,0.8953993055555556,96,84,,,,
951,0.8714551083591332,95,85,,,,
952,0.8806790123456791,90,90,,,,
953,0.8797231575009353,99,81,,,,
954,0.9135229978694072,101,79,0.001,0.9135229978694072,0.24242424242424243,0.0
955,0.881406659184437,99,81,,,,
956,0.8798094999373355,101,79,,,,
957,0.8904930021434877,103,77,,,,
958,0.8988743196437406,94,86,,,,
959,0.8752480158730159,96,84,,,,
960,0.8771615612648221,88,92,,,,
961,0.8946714693826854,97,83,,,,
962,0.8858823529411763,95,85,,,,
963,0.8593340815563038,99,81,,,,
964,0.8950440939013787,97,83,,,,
965,0.8924978263569743,97,83,,,,
966,0.8693514088250929,114,66,,,,
967,0.887530405837921,107,73,,,,
968,0.9221970839617899,102,78,,,,
969,0.9245201238390093,95,85,,,,
970,0.8696581196581197,102,78,,,,
971,0.8852519762845849,92,88,,,,
972,0.8744669853986304,109,71,,,,
973,0.847781744008159,106,74,,,,
974,0.9276225090863516,101,79,,,,
975,0.9199375000000001,100,80,,,,
976,0.9066699850671976,98,82,,,,
977,0.8721411035017443,109,71,,,,
978,0.8783183109025806,89,91,,,,
979,0.8852626211116776,106,74,,,,
980,0.8974454365079365,96,84,,,,
981,0.9340625386231617,93,87,,,,
982,0.8975799481417459,91,89,,,,
983,0.9091587854654056,98,82,,,,
984,0.9022370535162526,93,87,,,,
985,0.9186599794238683,108,72,,,,
986,0.8919430084478629,103,77,,,,
987,0.9104662698412699,96,84,,,,
988,0.9102786377708979,85,95,,,,
989,0.8774222335543089,106,74,,,,
990,0.877914951989026,99,81,,,,
991,0.9003229412495343,97,83,,,,
992,0.9095291064145348,87,93,,,,
993,0.9274303405572756,95,85,,,,
994,0.9061065782763896,106,74,,,,
995,0.929755842799321,111,69,,,,
996,0.8861011054527388,97,83,,,,
997,0.888410931174089,104,76,,,,
998,0.9133897461423593,98,82,0.001,0.9133897461423593,0.29292929292929293,0.0
999,0.8994565217391304,92,88,,,,
1000,0.8715913455383433,107,73,,,,
1001,0.879872164431633,101,79,,,,
1002,0.9272839506172839,90,90,,,,
1003,0.899375,100,80,,,,
1004,0.8627450980392157,102,78,,,,
1005,0.9272584033613445,112,68,,,,
1006,0.8947863140744453,101,79,,,,
1007,0.8767282594650472,109,71,,,,
1008,0.8847778773524517,107,73,,,,
1009,0.8929193628670982,98,82,,,,
1010,0.8888268849206349,96,84,,,,
1011,0.9090402476780184,95,85,,,,
1012,0.9022433888958517,101,79,,,,
1013,0.9156042835288118,106,74,,,,
1014,0.8893229166666665,96,84,,,,
1015,0.9082539682539683,105,75,,,,
1016,0.8943778684344722,106,74,,,,
1017,0.9135834080143388,107,73,0.001,0.9135834080143388,0.5454545454545455,0.0
1018,0.9034567901234569,90,90,,,,
1019,0.8743206521739131,92,88,,,,
1020,0.9055625,100,80,,,,
1021,0.8555417956656347,95,85,,,,
1022,0.9157088122605365,93,87,,,,
1023,0.8821548821548821,99,81,,,,
1024,0.9093137254901961,102,78,,,,
1025,0.8898809523809523,96,84,,,,
1026,0.8859735769848129,89,91,,,,
1027,0.8947863140744453,101,79,,,,
1028,0.8910625,100,80,,,,
1029,0.9205625,100,80,,,,
1030,0.8994920634920636,105,75,,,,
1031,0.8860759493670886,101,79,,,,
1032,0.8847491638795987,115,65,,,,
1033,0.9069375,100,80,,,,
1034,0.8944891640866874,85,95,,,,
1035,0.9198606271777002,98,82,,,,
1036,0.8834375,100,80,,,,
1037,0.9114550695575887,101,79,,,,
1038,0.9117387466902029,103,77,,,,
1039,0.8860963948830598,109,71,,,,
1040,0.8622849190283401,104,76,,,,
1041,0.8960597826086957,92,88,,,,
1042,0.9217488510744006,97,83,,,,
1043,0.8881906421105026,98,82,,,,
1044,0.9227682429929622,91,89,,,,
1045,0.8625061850569025,94,86,,,,
1046,0.9064980158730158,96,84,,,,
1047,0.9136753198360452,97,83,0.001,0.9136753198360452,0.393939393939394,0.0
1048,0.9198288690476191,96,84,,,,
1049,0.9007521672616012,106,74,,,,
1050,0.8862501600307259,107,73,,,,
1051,0.8717320261437909,102,78,,,,
1052,0.8920743034055729,95,85,,,,
1053,0.9258337481333997,98,82,,,,
1054,0.8837108013937283,98,82,,,,
1055,0.8546921008833696,107,73,,,,
1056,0.9534737107552642,103,77,,,,
1057,0.8852040816326531,98,82,,,,
1058,0.8871749107598164,106,74,,,,
1059,0.898567724410421,91,89,,,,
1060,0.9003634540669256,101,79,,,,
1061,0.9068571428571429,105,75,,,,
1062,0.9043809523809524,105,75,,,,
1063,0.9031361896530435,91,89,,,,
1064,0.9038223651657595,94,86,,,,
1065,0.8664772727272726,92,88,,,,
1066,0.8666497975708503,104,76,,,,
1067,0.9466267614415763,99,81,,,,
1068,0.9152981849611064,89,91,,,,
1069,0.8666874999999999,100,80,,,,
1070,0.8914551083591331,95,85,,,,
1071,0.8844578159006529,107,73,,,,
1072,0.8968518518518519,90,90,,,,
1073,0.9251874999999999,100,80,,,,
1074,0.8955194805194805,110,70,,,,
1075,0.9050625,100,80,,,,
1076,0.8967830083219475,97,83,,,,
1077,0.8999251777029555,99,81,,,,
1078,0.9239692346488463,103,77,,,,
1079,0.8792673319327731,112,68,,,,
1080,0.8808446455505279,102,78,,,,
1081,0.883495145631068,103,77,,,,
1082,0.885326364099949,106,74,,,,
1083,0.8470997391628369,97,83,,,,
1084,0.8987301587301588,105,75,,,,
1085,0.9180431219266171,103,77,,,,
1086,0.9123965921718731,91,89,0.001,0.9123965921718731,0.6060606060606061,0.0
1087,0.876866600298656,98,82,,,,
1088,0.8925293217746049,106,74,,,,
1089,0.8240693523712391,106,74,,,,
1090,0.905238924838228,98,82,,,,
1091,0.8790821375556656,86,94,,,,
1092,0.8999248026068429,101,79,,,,
1093,0.9123263888888892,84,96,0.001,0.9123263888888892,0.4444444444444445,0.0
1094,0.8942125835329718,103,77,,,,
1095,0.8888245884773662,108,72,,,,
1096,0.9232667004048584,104,76,,,,
1097,0.8728517896369041,109,71,,,,
1098,0.8719413737423923,97,83,,,,
1099,0.9012734837977557,103,77,,,,
1100,0.9062849335486274,97,83,,,,
1101,0.9066742081447963,78,102,,,,
1102,0.8763125,100,80,,,,
1103,0.9148051948051948,110,70,,,,
1104,0.9120209059233448,98,82,0.001,0.9120209059233448,0.2828282828282829,0.0
1105,0.9313453536754508,103,77,,,,
1106,0.9088436234817814,104,76,,,,
1107,0.8947987616099071,95,85,,,,
1108,0.8812063492063492,105,75,,,,
1109,0.8975435518235367,101,79,,,,
1110,0.9286984126984126,105,75,,,,
1111,0.8437460317460317,105,75,,,,
1112,0.8478556420714375,93,87,,,,
1113,0.8770875506072875,104,76,,,,
1114,0.8974358974358975,102,78,,,,
1115,0.8755558300395256,92,88,,,,
1116,0.8280625000000001,100,80,,,,
1117,0.8452740070387129,102,78,,,,
1118,0.86375,100,80,,,,
1119,0.9020553954129591,101,79,,,,
1120,0.8869371598218704,94,86,,,,
1121,0.9012698412698412,105,75,,,,
1122,0.8915298184961107,91,89,,,,
1123,0.9373125,100,80,,,,
1124,0.9074375,100,80,,,,
1125,0.9156123481781376,104,76,,,,
1126,0.897104900363454,101,79,,,,
1127,0.8855151816824289,98,82,,,,
1128,0.8941495397806077,103,77,,,,
1129,0.8996605300953128,111,69,,,,
1130,0.9100624999999999,100,80,,,,
1131,0.8960910440376053,94,86,,,,
1132,0.8897364771151179,103,77,,,,
1133,0.918920634920635,105,75,,,,
1134,0.8644854032657101,94,86,,,,
1135,0.9169447534297368,93,87,,,,
1136,0.8618347944190641,91,89,,,,
1137,0.9141496428123825,101,79,,,,
1138,0.9211111111111111,90,90,,,,
1139,0.8596965020576132,108,72,,,,
1140,0.9291428571428572,105,75,,,,
1141,0.9045820433436532,85,95,,,,
1142,0.8831070889894419,102,78,,,,
1143,0.8821907507206417,101,79,,,,
1144,0.8883597229094509,94,86,,,,
1145,0.8816082015810276,92,88,,,,
1146,0.8630628401781296,94,86,,,,
1147,0.9291388223427058,103,77,,,,
1148,0.9257777777777777,105,75,,,,
1149,0.8634052579365079,96,84,,,,
1150,0.8921544053139492,101,79,,,,
1151,0.9272761147683518,97,83,,,,
1152,0.8871749107598165,106,74,,,,
1153,0.8750465780648368,97,83,,,,
1154,0.8389473684210527,95,85,,,,
1155,0.9171081535082053,109,71,,,,
1156,0.9030959752321981,95,85,,,,
1157,0.8703471612984084,101,79,,,,
1158,0.8790996383588976,99,81,,,,
1159,0.9230235783633842,103,77,,,,
1160,0.9264615004325795,93,87,,,,
1161,0.93359375,96,84,,,,
1162,0.9087167976056865,99,81,,,,
1163,0.8879886194952994,94,86,,,,
1164,0.9380248151397418,101,79,,,,
1165,0.8722518941746367,97,83,,,,
1166,0.9064819396338447,94,86,,,,
1167,0.8979822032836196,101,79,,,,
1168,0.9000128600823045,108,72,,,,
1169,0.9109351806036616,94,86,,,,
1170,0.8930603661553685,94,86,,,,
1171,0.9015463274722534,99,81,,,,
1172,0.9146387592989536,103,77,,,,
1173,0.8725768613409064,91,89,,,,
1174,0.893128819054745,99,81,,,,
1175,0.9108125,100,80,,,,
1176,0.9141869366588468,91,89,,,,
1177,0.9401080945198592,102,78,,,,
1178,0.8809788654060066,93,87,,,,
1179,0.8951683020742766,97,83,,,,
1180,0.891008853971817,99,81,,,,
1181,0.9062849335486277,97,83,,,,
1182,0.8890847369108239,111,69,,,,
1183,0.866203467618562,106,74,,,,
1184,0.8641975308641977,99,81,,,,
1185,0.9102564102564104,102,78,,,,
1186,0.8963046757164405,102,78,,,,
1187,0.8779537456008044,102,78,,,,
1188,0.8830405739732806,86,94,,,,
1189,0.8977777777777777,90,90,,,,
1190,0.8574539571926332,98,82,,,,
1191,0.920545746388443,91,89,,,,
1192,0.8709150326797385,102,78,,,,
1193,0.8876418506048136,99,81,,,,
1194,0.887209008097166,104,76,,,,
1195,0.9082931652453343,87,93,,,,
1196,0.9029509816026671,89,91,,,,
1197,0.9485778164203205,97,83,,,,
1198,0.870907738095238,96,84,,,,
1199,0.9180625,100,80,,,,
1200,0.9102167182662538,95,85,,,,
1201,0.917743830787309,111,69,,,,
1202,0.9267365008105748,99,81,,,,
1203,0.9081733746130031,95,85,,,,
1204,0.8996741446296528,101,79,,,,
1205,0.9054974152061531,103,77,,,,
1206,0.9169447534297368,93,87,,,,
1207,0.9056919642857143,84,96,,,,
1208,0.9390063032999629,93,87,,,,
1209,0.8961626721060684,106,74,,,,
1210,0.9052854938271604,108,72,,,,
1211,0.8777499999999999,100,80,,,,
1212,0.8676711637876687,103,77,,,,
1213,0.8773305346339054,91,89,,,,
1214,0.912081714500564,101,79,0.001,0.912081714500564,0.4040404040404041,0.0
1215,0.8572045931596493,89,91,,,,
1216,0.8849924585218703,102,78,,,,
1217,0.8941452569169961,88,92,,,,
1218,0.8664762141348901,97,83,,,,
1219,0.8980112187659358,106,74,,,,
1220,0.8887908208296558,103,77,,,,
1221,0.8878383388950687,93,87,,,,
1222,0.8624514350169195,101,79,,,,
1223,0.9099271515001852,91,89,,,,
1224,0.8765279664156069,89,91,,,,
1225,0.8823384006921271,93,87,,,,
1226,0.917160509393519,103,77,,,,
1227,0.8769097006583032,97,83,,,,
1228,0.8756299263470733,109,71,,,,
1229,0.9055818717193702,107,73,,,,
1230,0.8989221706980824,101,79,,,,
1231,0.898832443174761,97,83,,,,
1232,0.8893345030705602,101,79,,,,
1233,0.8657798512167444,103,77,,,,
1234,0.8786437747035574,92,88,,,,
1235,0.8971875,100,80,,,,
1236,0.9047886270108494,99,81,,,,
1237,0.9168211593128167,93,87,,,,
1238,0.8938699690402476,95,85,,,,
1239,0.9274345156034591,101,79,,,,
1240,0.9004198049141869,91,89,,,,
1241,0.9065333498944231,97,83,,,,
1242,0.9001359535286121,93,87,,,,
1243,0.909328033784623,97,83,,,,
1244,0.92725,100,80,,,,
1245,0.876550946233864,101,79,,,,
1246,0.8786333503314636,106,74,,,,
1247,0.8786491835724889,94,86,,,,
1248,0.907766990291262,103,77,,,,
1249,0.8637506284565108,102,78,,,,
1250,0.8901821862348178,104,76,,,,
1251,0.8898809523809524,96,84,,,,
1252,0.8862493715434892,102,78,,,,
1253,0.8762229102167183,95,85,,,,
1254,0.8924978263569743,97,83,,,,
1255,0.8551055685887148,91,89,,,,
1256,0.8763066202090593,98,82,,,,
1257,0.9134615384615384,102,78,0.001,0.9134615384615384,0.4747474747474748,0.0
1258,0.8967095497278574,94,86,,,,
1259,0.9254109504387591,93,87,,,,
1260,0.9219827045995739,101,79,,,,
1261,0.8876825396825399,105,75,,,,
1262,0.8917525773195876,97,83,,,,
1263,0.9132855022266205,94,86,0.001,0.9132855022266205,0.43434343434343436,0.0
1264,0.9025917658730158,96,84,,,,
1265,0.8653869969040248,95,85,,,,
1266,0.8820925302406782,99,81,,,,
1267,0.8918650793650794,96,84,,,,
1268,0.9088544891640866,95,85,,,,
1269,0.9161639014580191,102,78,,,,
1270,0.9345061728395062,90,90,,,,
1271,0.8875684420109508,98,82,,,,
1272,0.8931570372227097,101,79,,,,
1273,0.890984126984127,105,75,,,,
1274,0.9151037138243696,97,83,,,,
1275,0.8796875,100,80,,,,
1276,0.9204327230828319,107,73,,,,
1277,0.8927810502569244,101,79,,,,
1278,0.8858805668016195,104,76,,,,
1279,0.9243184156378601,108,72,,,,
1280,0.8676580388252861,98,82,,,,
1281,0.8902529761904763,96,84,,,,
1282,0.8823160797092368,101,79,,,,
1283,0.9118303571428572,96,84,,,,
1284,0.8877223320158103,92,88,,,,
1285,0.8777281746031745,96,84,,,,
1286,0.9118155975775553,93,87,,,,
1287,0.9069255907491202,102,78,,,,
1288,0.9231862563341985,93,87,,,,
1289,0.8906249999999999,104,76,,,,
1290,0.8722347913524384,102,78,,,,
1291,0.8699540429760279,97,83,,,,
1292,0.9270159283225485,98,82,,,,
1293,0.9169881687242798,108,72,,,,
1294,0.8859442724458205,95,85,,,,
1295,0.8960573476702509,93,87,,,,
1296,0.8936170212765957,94,86,,,,
1297,0.8926364897238684,103,77,,,,
1298,0.8775510204081632,98,82,,,,
1299,0.8900735752587604,99,81,,,,
1300,0.8964813870474247,106,74,,,,
1301,0.8812500000000001,100,80,,,,
1302,0.8904895461499235,106,74,,,,
1303,0.8651332327802916,102,78,,,,
1304,0.9131784871444542,83,97,0.001,0.9131784871444542,0.4646464646464647,0.0
1305,0.9042857142857142,110,70,,,,
1306,0.9399823477493381,103,77,,,,
1307,0.9104042658730159,96,84,,,,
1308,0.892587376776341,107,73,,,,
1309,0.883044243338361,102,78,,,,
1310,0.8801596209003617,99,81,,,,
1311,0.8840706855495677,101,79,,,,
1312,0.8949558315196519,107,73,,,,
1313,0.8873300910337947,99,81,,,,
1314,0.8983438388332715,93,87,,,,
1315,0.8808454919566029,99,81,,,,
1316,0.8894450624150291,93,87,,,,
1317,0.8811830698623151,106,74,,,,
1318,0.9104024767801858,95,85,,,,
1319,0.8937836821656849,101,79,,,,
1320,0.9044492605813361,106,74,,,,
1321,0.8571249530016293,101,79,,,,
1322,0.8815104166666667,96,84,,,,
1323,0.8779677113010447,117,63,,,,
1324,0.9009136930485245,91,89,,,,
1325,0.8963467492260062,95,85,,,,
1326,0.8996973899886521,103,77,,,,
1327,0.898211402310272,83,97,,,,
1328,0.8812196034418257,99,81,,,,
1329,0.9050264892104922,109,71,,,,
1330,0.8897790412197959,109,71,,,,
1331,0.9102787456445993,98,82,,,,
1332,0.867906918865107,98,82,,,,
1333,0.9110452654141975,103,77,,,,
1334,0.9025000000000001,100,80,,,,
1335,0.9225451286647036,107,73,,,,
1336,0.8886487154150197,92,88,,,,
1337,0.9236731150793651,96,84,,,,
1338,0.876825396825397,105,75,,,,
1339,0.8610482654600301,102,78,,,,
1340,0.8638833992094861,88,92,,,,
1341,0.8583749999999999,100,80,,,,
1342,0.8702167182662538,95,85,,,,
1343,0.8891975707455744,109,71,,,,
1344,0.8858125000000001,100,80,,,,
1345,0.9216859957600698,99,81,,,,
1346,0.929309026007139,106,74,,,,
1347,0.9405927666797231,111,69,,,,
1348,0.8779629629629632,90,90,,,,
1349,0.8837425595238095,96,84,,,,
1350,0.8985396825396825,105,75,,,,
1351,0.8699789890001237,93,87,,,,
1352,0.8841145833333335,96,84,,,,
1353,0.9022065543804675,111,69,,,,
1354,0.8735,100,80,,,,
1355,0.859871031746032,96,84,,,,
1356,0.86913290513834,88,92,,,,
1357,0.9304594861660079,92,88,,,,
1358,0.8671363243109627,93,87,,,,
1359,0.8708441478185638,93,87,,,,
1360,0.9227227476356396,98,82,,,,
1361,0.8955039525691699,92,88,,,,
1362,0.8940596594546153,107,73,,,,
1363,0.8957390648567118,102,78,,,,
1364,0.8981701967665121,101,79,,,,
1365,0.8792383603238867,104,76,,,,
1366,0.9296566205533596,92,88,,,,
1367,0.8953473710755264,103,77,,,,
1368,0.8758125,100,80,,,,
1369,0.8776470588235297,95,85,,,,
1370,0.9352163611422871,99,81,,,,
1371,0.8801596209003617,99,81,,,,
1372,0.887506284565108,102,78,,,,
1373,0.9014075811828621,91,89,,,,
1374,0.8915141019297376,94,86,,,,
1375,0.8762886597938144,83,97,,,,
1376,0.9010629094055123,93,87,,,,
1377,0.8861919504643964,95,85,,,,
1378,0.9050480769230769,104,76,,,,
1379,0.8744891640866873,95,85,,,,
1380,0.8953125,100,80,,,,
1381,0.8965921718730707,91,89,,,,
1382,0.8847484859720677,87,93,,,,
1383,0.9186931038782891,99,81,,,,
1384,0.8697370045684654,91,89,,,,
1385,0.8866106719367588,92,88,,,,
1386,0.879604280736685,98,82,,,,
1387,0.8853348297792742,99,81,,,,
1388,0.9151410192973776,94,86,,,,
1389,0.8602693602693603,99,81,,,,
1390,0.9284479565378442,91,89,,,,
1391,0.8936899862825789,99,81,,,,
1392,0.899888765294772,93,87,,,,
1393,0.8986299648064354,102,78,,,,
1394,0.9225830349425855,91,89,,,,
1395,0.8740699404761906,84,96,,,,
1396,0.8938699690402477,95,85,,,,
1397,0.9467068878833585,102,78,,,,
1398,0.896656346749226,95,85,,,,
1399,0.8742414860681114,95,85,,,,
1400,0.9136284722222223,84,96,0.001,0.9136284722222223,0.36363636363636365,0.0
1401,0.8922077922077923,110,70,,,,
1402,0.9001127960897356,101,79,,,,
1403,0.8463165754106521,98,82,,,,
1404,0.8727598566308243,87,93,,,,
1405,0.868218018914883,98,82,,,,
1406,0.8916947250280585,99,81,,,,
1407,0.8641351789499938,99,81,,,,
1408,0.876854969447562,99,81,,,,
1409,0.913250773993808,85,95,0.001,0.913250773993808,0.4141414141414142,0.0
1410,0.9406875,100,80,,,,
1411,0.8986536561264821,88,92,,,,
1412,0.8856646825396826,96,84,,,,
1413,0.8851181498240321,102,78,,,,
1414,0.8840080210552701,101,79,,,,
1415,0.8798125,100,80,,,,
1416,0.8655829742786264,111,69,,,,
1417,0.9126315789473685,95,85,0.001,0.9126315789473685,0.5555555555555556,0.0
1418,0.8561609907120744,85,95,,,,
1419,0.898623511904762,84,96,,,,
1420,0.8734803860132849,101,79,,,,
1421,0.8714927048260382,99,81,,,,
1422,0.9070091093117408,104,76,,,,
1423,0.9255187747035573,92,88,,,,
1424,0.907613397602274,93,87,,,,
1425,0.8958122469635628,104,76,,,,
1426,0.8777142857142857,105,75,,,,
1427,0.8723761023475345,97,83,,,,
1428,0.9347798977428607,99,81,,,,
1429,0.9132517967469423,103,77,0.001,0.9132517967469423,0.3535353535353536,0.0
1430,0.9056235027108813,103,77,,,,
1431,0.8793188854489162,95,85,,,,
1432,0.8987404913330839,99,81,,,,
1433,0.8795420607267298,98,82,,,,
1434,0.9168415853809113,91,89,,,,
1435,0.8940834980237153,92,88,,,,
1436,0.9353650793650794,105,75,,,,
1437,0.8960910440376052,94,86,,,,
1438,0.8933549029367845,98,82,,,,
1439,0.9114602818306522,99,81,,,,
1440,0.8960998633710098,97,83,,,,
1441,0.9045645719940624,94,86,,,,
1442,0.8830405739732805,86,94,,,,
1443,0.8793060871712557,91,89,,,,
1444,0.9464827935222672,104,76,,,,
1445,0.8911959097144282,99,81,,,,
1446,0.9000493888134338,89,91,,,,
1447,0.8929946590485655,83,97,,,,
1448,0.9250154798761611,85,95,,,,
1449,0.9225,100,80,,,,
1450,0.9296757164404222,102,78,,,,
1451,0.8833705357142857,96,84,,,,
1452,0.8730089596814337,98,82,,,,
1453,0.8444033656297807,106,74,,,,
1454,0.9087171052631579,104,76,,,,
1455,0.895478822506521,97,83,,,,
1456,0.9141176470588237,95,85,,,,
1457,0.9337037037037037,90,90,,,,
1458,0.8980015082956259,102,78,,,,
1459,0.9190958498023716,92,88,,,,
1460,0.8939318885448917,95,85,,,,
1461,0.8761690983913206,99,81,,,,
1462,0.8717737854251011,104,76,,,,
1463,0.890875,100,80,,,,
1464,0.877532114624506,92,88,,,,
1465,0.9495616742807754,91,89,,,,
1466,0.8886419753086419,90,90,,,,
1467,0.9004374999999999,100,80,,,,
1468,0.9097213466145505,103,77,,,,
1469,0.8837730214036834,98,82,,,,
1470,0.8800634920634921,105,75,,,,
1471,0.9229716276754605,98,82,,,,
1472,0.899826968236312,93,87,,,,
1473,0.892716049382716,90,90,,,,
1474,0.920312697011726,103,77,,,,
1475,0.9140952380952383,105,75,,,,
1476,0.9023569023569024,99,81,,,,
1477,0.8806093829678733,106,74,,,,
1478,0.8974311011348047,99,81,,,,
1479,0.8960910440376052,94,86,,,,
1480,0.8736881096431657,89,91,,,,
1481,0.8865000000000001,100,80,,,,
1482,0.8967452300785634,99,81,,,,
1483,0.9189425115351042,99,81,,,,
1484,0.8880090497737556,102,78,,,,
1485,0.9171301446051169,93,87,,,,
1486,0.9132030861124938,98,82,0.001,0.9132030861124938,0.4141414141414142,0.0
1487,0.9338446190298042,99,81,,,,
1488,0.9031051253273477,99,81,,,,
1489,0.9059744131163829,97,83,,,,
1490,0.887767890713122,101,79,,,,
1491,0.9097832817337461,95,85,,,,
1492,0.910942740032294,97,83,,,,
1493,0.9111290522916408,97,83,,,,
1494,0.87925,100,80,,,,
1495,0.8953775800271907,93,87,,,,
1496,0.9244351154463515,91,89,,,,
1497,0.8750469983707231,101,79,,,,
1498,0.9098036794666008,91,89,,,,
1499,0.9299721659919028,104,76,,,,
1500,0.9135764061722249,98,82,0.001,0.9135764061722249,0.5050505050505051,0.0
1501,0.8854952237305179,102,78,,,,
1502,0.8953246753246753,110,70,,,,
1503,0.9060032585537034,101,79,,,,
1504,0.9002595476455321,93,87,,,,
1505,0.884947988469733,101,79,,,,
1506,0.8783333333333334,90,90,,,,
1507,0.8729374999999999,100,80,,,,
1508,0.9074577108284974,91,89,,,,
1509,0.9236111111111112,96,84,,,,
1510,0.8887641850604813,99,81,,,,
1511,0.9227714033539276,103,77,,,,
1512,0.8805738417587877,97,83,,,,
1513,0.8588995155881255,97,83,,,,
1514,0.9098884572001504,101,79,,,,
1515,0.8698760121457492,104,76,,,,
1516,0.8576818406729342,94,86,,,,
1517,0.8850475367329301,91,89,,,,
1518,0.8983718826721798,109,71,,,,
1519,0.9326875000000001,100,80,,,,
1520,0.899239306646714,99,81,,,,
1521,0.9157597465215594,119,61,,,,
1522,0.8804347826086957,92,88,,,,
1523,0.9261000130565347,111,69,,,,
1524,0.9200720407402807,97,83,,,,
1525,0.8870655123400957,109,71,,,,
1526,0.8866875,100,80,,,,
1527,0.8950272817460319,96,84,,,,
1528,0.8739938080495356,95,85,,,,
1529,0.859,100,80,,,,
1530,0.8801851851851852,90,90,,,,
1531,0.8728792569659444,95,85,,,,
1532,0.8863266073442788,101,79,,,,
1533,0.8878289063474248,99,81,,,,
1534,0.8895124080309267,99,81,,,,
1535,0.8846439628482972,95,85,,,,
1536,0.8879886831275721,108,72,,,,
1537,0.8938146901109864,99,81,,,,
1538,0.8800843253968254,96,84,,,,
1539,0.8775928456092411,97,83,,,,
1540,0.865536862939139,94,86,,,,
1541,0.8572848093404546,97,83,,,,
1542,0.8991806426833951,107,73,,,,
1543,0.9281981085116974,98,82,,,,
1544,0.8778125,100,80,,,,
1545,0.9307779599041734,103,77,,,,
1546,0.8816180108857001,94,86,,,,
1547,0.916501976284585,92,88,,,,
1548,0.9295522018802573,94,86,,,,
1549,0.8822795859832897,99,81,,,,
1550,0.8957894736842106,95,85,,,,
1551,0.8807773109243697,112,68,,,,
1552,0.9050380346676643,99,81,,,,
1553,0.87,110,70,,,,
1554,0.9352058531746033,96,84,,,,
1555,0.9232205077152812,98,82,,,,
1556,0.9086585968379447,92,88,,,,
1557,0.9042434046789448,98,82,,,,
1558,0.888695987654321,108,72,,,,
1559,0.9283118185236244,101,79,,,,
1560,0.869333002111539,97,83,,,,
1561,0.9289155138339921,92,88,,,,
1562,0.8819444444444444,96,84,,,,
1563,0.9188235294117646,95,85,,,,
1564,0.9330512692882031,98,82,,,,
1565,0.9195,100,80,,,,
1566,0.8843962848297213,95,85,,,,
1567,0.8833889506859474,93,87,,,,
1568,0.8788299079561216,103,77,,,,
1569,0.8892965587044535,104,76,,,,
1570,0.9083809523809523,105,75,,,,
1571,0.8866875,100,80,,,,
1572,0.8914843653442096,93,87,,,,
1573,0.8400000000000001,90,90,,,,
1574,0.9114918357248887,94,86,,,,
1575,0.8767361111111112,108,72,,,,
1576,0.8935330241884947,101,79,,,,
1577,0.8866973618715779,98,82,,,,
1578,0.9386363636363636,110,70,,,,
1579,0.8554059109614666,99,81,,,,
1580,0.9207037225905149,106,74,,,,
1581,0.8894350423096068,98,82,,,,
1582,0.881015873015873,105,75,,,,
1583,0.9179335063650971,93,87,,,,
1584,0.8975625,100,80,,,,
1585,0.9300101988781233,106,74,,,,
1586,0.8989624505928854,88,92,,,,
1587,0.9008157211716723,87,93,,,,
1588,0.877592845609241,97,83,,,,
1589,0.9102496367718927,113,67,,,,
1590,0.9163860830527497,99,81,,,,
1591,0.9137109913522998,101,79,0.001,0.9137109913522998,0.43434343434343436,0.0
1592,0.892332995951417,104,76,,,,
1593,0.9039393166751657,106,74,,,,
1594,0.8756643183784452,93,87,,,,
1595,0.8565282454171342,99,81,,,,
1596,0.8680909203825612,97,83,,,,
1597,0.8815124933545986,114,66,,,,
1598,0.9338699690402477,95,85,,,,
1599,0.9020657043305126,98,82,,,,
1600,0.9566349206349206,105,75,,,,
1601,0.9170437405731523,102,78,,,,
1602,0.8936899862825789,99,81,,,,
1603,0.9074697593216111,99,81,,,,
1604,0.8509424603174603,96,84,,,,
1605,0.8907428006426895,93,87,,,,
1606,0.9105701155136008,97,83,,,,
1607,0.9240475012370114,94,86,,,,
1608,0.8770960129176499,97,83,,,,
1609,0.8910835913312694,95,85,,,,
1610,0.8858252913898984,101,79,,,,
1611,0.8973749999999999,100,80,,,,
1612,0.8907445181030086,106,74,,,,
1613,0.8910712058860207,99,81,,,,
1614,0.9278731670635418,101,79,,,,
1615,0.9291640866873067,95,85,,,,
1616,0.8706790123456791,90,90,,,,
1617,0.8601851851851853,90,90,,,,
1618,0.8947628458498024,92,88,,,,
1619,0.8841886269070736,103,77,,,,
1620,0.8427700348432056,98,82,,,,
1621,0.8847058823529412,95,85,,,,
1622,0.9390137871071916,97,83,,,,
1623,0.892888664733325,103,77,,,,
1624,0.8645833333333333,96,84,,,,
1625,0.9167805241584897,97,83,,,,
1626,0.9105077928607341,102,78,,,,
1627,0.9199388067312596,106,74,,,,
1628,0.9204444444444444,105,75,,,,
1629,0.9297602782263072,97,83,,,,
1630,0.8696296296296298,90,90,,,,
1631,0.88324431747609,97,83,,,,
1632,0.9098432055749129,98,82,,,,
1633,0.891507669285447,99,81,,,,
1634,0.8775938735177864,92,88,,,,
1635,0.9100617283950617,90,90,,,,
1636,0.9088322612568035,94,86,,,,
1637,0.8991477272727273,88,92,,,,
1638,0.9027933657563286,99,81,,,,
1639,0.8684046789447486,98,82,,,,
1640,0.8851847165991904,104,76,,,,
1641,0.9201095072175212,98,82,,,,
1642,0.9098462301587302,96,84,,,,
1643,0.8999255952380951,96,84,,,,
1644,0.8887648809523809,96,84,,,,
1645,0.8912211384121497,89,91,,,,
1646,0.8919002345968636,91,89,,,,
1647,0.8849826388888888,84,96,,,,
1648,0.9287353391126975,106,74,,,,
1649,0.8531144253665873,101,79,,,,
1650,0.8699962588851479,99,81,,,,
1651,0.9055646070936209,101,79,,,,
1652,0.9006811145510836,95,85,,,,
1653,0.9090909090909091,103,77,,,,
1654,0.9142839068825911,104,76,,,,
1655,0.8741971343873517,92,88,,,,
1656,0.914411074032876,87,93,,,,
1657,0.889568656531949,93,87,,,,
1658,0.8945077454871335,107,73,,,,
1659,0.8981134513503036,109,71,,,,
1660,0.8613333333333334,105,75,,,,
1661,0.9224213560596566,101,79,,,,
1662,0.8925104022191401,103,77,,,,
1663,0.877325289089995,102,78,,,,
1664,0.8681447628458498,88,92,,,,
1665,0.8774265803882528,98,82,,,,
1666,0.8673684210526316,95,85,,,,
1667,0.8890128968253969,96,84,,,,
1668,0.84425,100,80,,,,
1669,0.902055395412959,101,79,,,,
1670,0.9134269034902497,97,83,0.001,0.9134269034902497,0.3434343434343435,0.0
1671,0.9032921810699589,99,81,,,,
1672,0.8840785573122529,88,92,,,,
1673,0.8696752685516731,91,89,,,,
1674,0.8998015873015873,96,84,,,,
1675,0.8675354251012146,104,76,,,,
1676,0.872823805408075,91,89,,,,
1677,0.8970797260627988,109,71,,,,
1678,0.8748125,100,80,,,,
1679,0.9500561167227835,99,81,,,,
1680,0.9147987616099071,95,85,,,,
1681,0.884377758164166,103,77,,,,
1682,0.8931911709689487,99,81,,,,
1683,0.8871412457701464,101,79,,,,
1684,0.9035298582995952,104,76,,,,
1685,0.8873517786561264,92,88,,,,
1686,0.9131473102061337,102,78,0.001,0.9131473102061337,0.42424242424242425,0.0
1687,0.8969234648846299,103,77,,,,
1688,0.9350537103346092,91,89,,,,
1689,0.8731398809523812,96,84,,,,
1690,0.9109766637856526,89,91,,,,
1691,0.8781818181818182,110,70,,,,
1692,0.9250879839115133,102,78,,,,
1693,0.9049379621506455,101,79,,,,
1694,0.9141414141414141,99,81,,,,
1695,0.8879001359535286,93,87,,,,
1696,0.8508585035718762,101,79,,,,
1697,0.8933672835672588,97,83,,,,
1698,0.9029756651115874,103,77,,,,
1699,0.8967619047619048,105,75,,,,
1700,0.882225790513834,92,88,,,,
1701,0.9056299603174602,96,84,,,,
1702,0.8965624999999999,100,80,,,,
1703,0.9056346749226006,95,85,,,,
1704,0.9034415584415585,110,70,,,,
1705,0.932113717491076,106,74,,,,
1706,0.9141363862618218,98,82,,,,
1707,0.8600708502024291,104,76,,,,
1708,0.9041501976284585,92,88,,,,
1709,0.9039094129554656,104,76,,,,
1710,0.9133308392567653,99,81,0.001,0.9133308392567653,0.4444444444444445,0.0
1711,0.8964155909261813,101,79,,,,
1712,0.8926557212683294,101,79,,,,
1713,0.9048056722689075,112,68,,,,
1714,0.9194926058133606,106,74,,,,
1715,0.8887047424783273,106,74,,,,
1716,0.9204222743548587,91,89,,,,
1717,0.9086445277167594,109,71,,,,
1718,0.9094332633658476,89,91,,,,
1719,0.9058779761904762,84,96,,,,
1720,0.8717421124828533,99,81,,,,
1721,0.9044145155256267,99,81,,,,
1722,0.910327108660233,101,79,,,,
1723,0.9179235796882855,102,78,,,,
1724,0.8477828841137747,97,83,,,,
1725,0.9128679667122096,97,83,0.001,0.9128679667122096,0.38383838383838387,0.0
1726,0.8696700037078234,93,87,,,,
1727,0.895318675889328,92,88,,,,
1728,0.9096786583023941,107,73,,,,
1729,0.9174962667994027,98,82,,,,
1730,0.9166877530364373,104,76,,,,
1731,0.8878600823045267,108,72,,,,
1732,0.8894598320591552,101,79,,,,
1733,0.8959346551939145,99,81,,,,
1734,0.8894444444444444,90,90,,,,
1735,0.8895975232198142,95,85,,,,
1736,0.9066077650572424,98,82,,,,
1737,0.8698740118577075,92,88,,,,
1738,0.9092779648335204,99,81,,,,
1739,0.8825564695129913,111,69,,,,
1740,0.9051670599925477,97,83,,,,
1741,0.8637151702786379,95,85,,,,
1742,0.9526349206349206,105,75,,,,
1743,0.9031856645097063,98,82,,,,
1744,0.8831578947368421,95,85,,,,
1745,0.9095,100,80,,,,
1746,0.9121250000000001,100,80,0.001,0.9121250000000001,0.4040404040404041,0.0
1747,0.8901147396293029,103,77,,,,
1748,0.8766799402687903,98,82,,,,
1749,0.8920237066304482,91,89,,,,
1750,0.8932098765432098,90,90,,,,
1751,0.917705889616002,91,89,,,,
1752,0.8889508928571429,96,84,,,,
1753,0.8941795665634675,95,85,,,,
1754,0.926530865730965,97,83,,,,
1755,0.9065672390023811,101,79,,,,
1756,0.90075,100,80,,,,
1757,0.8790212395975655,97,83,,,,
1758,0.8839895665134766,97,83,,,,
1759,0.8674398304027934,99,81,,,,
1760,0.9415873015873016,105,75,,,,
1761,0.8961789844142785,102,78,,,,
1762,0.8557943112656812,97,83,,,,
1763,0.8734444997511199,98,82,,,,
1764,0.888410931174089,104,76,,,,
1765,0.8892256308758041,94,86,,,,
1766,0.9084338863750628,102,78,,,,
1767,0.8935053710334611,91,89,,,,
1768,0.8489375,100,80,,,,
1769,0.8811249999999999,100,80,,,,
1770,0.8881875,100,80,,,,
1771,0.917763157894737,104,76,,,,
1772,0.9309954751131222,102,78,,,,
1773,0.8523519163763067,98,82,,,,
1774,0.872093023255814,86,94,,,,
1775,0.8511714249135834,107,73,,,,
1776,0.92825,100,80,,,,
1777,0.8846299331736226,103,77,,,,
1778,0.889898483519238,101,79,,,,
1779,0.9204787567364332,101,79,,,,
1780,0.8653250773993808,95,85,,,,
1781,0.9428995179829441,93,87,,,,
1782,0.9263768485466598,106,74,,,,
1783,0.9080625,100,80,,,,
1784,0.9034062342885871,102,78,,,,
1785,0.884829721362229,95,85,,,,
1786,0.8992454230578921,94,86,,,,
1787,0.8835913312693499,85,95,,,,
1788,0.9053011448481831,98,82,,,,
1789,0.928191489361702,94,86,,,,
1790,0.8575161772025883,98,82,,,,
1791,0.8743125,100,80,,,,
1792,0.8901909722222223,96,84,,,,
1793,0.843961038961039,110,70,,,,
1794,0.8506787330316743,102,78,,,,
1795,0.9045619751848604,101,79,,,,
1796,0.9351555498655741,107,73,,,,
1797,0.9146755451103277,111,69,,,,
1798,0.9320716881814763,101,79,,,,
1799,0.8701074206692184,91,89,,,,
1800,0.8463541666666667,96,84,,,,
1801,0.8858336450929043,99,81,,,,
1802,0.8967499999999999,100,80,,,,
1803,0.8601161067193674,88,92,,,,
1804,0.8861607142857143,96,84,,,,
1805,0.8756175889328062,92,88,,,,
1806,0.8677016328550223,94,86,,,,
1807,0.8963000896172066,107,73,,,,
1808,0.9184649179480553,109,71,,,,
1809,0.8768518518518519,90,90,,,,
1810,0.9378328173374614,85,95,,,,
1811,0.8825908412145347,98,82,,,,
1812,0.9093403167477241,99,81,,,,
1813,0.9123955605437087,99,81,0.001,0.9123955605437087,0.4747474747474748,0.0
1814,0.9215686274509804,102,78,,,,
1815,0.8968392234942758,98,82,,,,
1816,0.9173496406506115,103,77,,,,
1817,0.8601558634339437,94,86,,,,
1818,0.8573107372587828,94,86,,,,
1819,0.8818575851393189,95,85,,,,
1820,0.9114583333333334,96,84,,,,
1821,0.9131324404761905,96,84,0.001,0.9131324404761905,0.5454545454545455,0.0
1822,0.9085827847472364,97,83,,,,
1823,0.9017586032388664,104,76,,,,
1824,0.868421052631579,95,85,,,,
1825,0.8805000000000001,100,80,,,,
1826,0.9081695711284142,93,87,,,,
1827,0.8643809523809525,105,75,,,,
1828,0.8878730158730159,105,75,,,,
1829,0.8930246913580248,90,90,,,,
1830,0.8772914328469883,99,81,,,,
1831,0.8829563712767271,87,93,,,,
1832,0.8717837704106878,94,86,,,,
1833,0.8953775800271907,93,87,,,,
1834,0.9365757266700663,106,74,,,,
1835,0.9305263157894736,95,85,,,,
1836,0.8976181568774162,99,81,,,,
1837,0.8561669357843746,97,83,,,,
1838,0.9337356893977102,98,82,,,,
1839,0.8869199388067313,106,74,,,,
1840,0.9179721769645319,101,79,,,,
1841,0.9236119736678674,97,83,,,,
1842,0.9165625,100,80,,,,
1843,0.8867221463172276,97,83,,,,
1844,0.9138252862120457,98,82,0.001,0.9138252862120457,0.26262626262626265,0.0
1845,0.9039157002119965,99,81,,,,
1846,0.8990598713508163,94,86,,,,
1847,0.8831521739130435,92,88,,,,
1848,0.9055438943079392,91,89,,,,
1849,0.9156746031746031,84,96,,,,
1850,0.8701025831170436,93,87,,,,
1851,0.9009228083302158,81,99,,,,
1852,0.8671566205533597,92,88,,,,
1853,0.8549845201238391,95,85,,,,
1854,0.84075,100,80,,,,
1855,0.914905450500556,93,87,,,,
1856,0.8974673730456131,109,71,,,,
1857,0.903099279835391,108,72,,,,
1858,0.9092800403480015,103,77,,,,
1859,0.8935652824541714,99,81,,,,
1860,0.8872380952380953,105,75,,,,
1861,0.9080826109127996,106,74,,,,
1862,0.8929497468823312,89,91,,,,
1863,0.8946749226006192,95,85,,,,
1864,0.899800473874548,99,81,,,,
1865,0.9294397794209801,101,79,,,,
1866,0.8488142292490117,88,92,,,,
1867,0.848937747035573,92,88,,,,
1868,0.9164705882352941,95,85,,,,
1869,0.92656346749226,95,85,,,,
1870,0.8921750992063493,96,84,,,,
1871,0.9050154798761609,95,85,,,,
1872,0.8939599802371541,92,88,,,,
1873,0.8548125000000001,100,80,,,,
1874,0.9012734837977557,103,77,,,,
1875,0.8831845238095238,84,96,,,,
1876,0.8843297913199335,107,73,,,,
1877,0.8772941468253967,96,84,,,,
1878,0.8596875,100,80,,,,
1879,0.9039089994972348,102,78,,,,
1880,0.9097144282329467,99,81,,,,
1881,0.9260306686777274,102,78,,,,
1882,0.8781643596458412,99,81,,,,
1883,0.9172590098516025,99,81,,,,
1884,0.901462615054848,103,77,,,,
1885,0.8688006072874495,104,76,,,,
1886,0.8254603174603174,105,75,,,,
1887,0.909125,100,80,,,,
1888,0.9271245059288538,92,88,,,,
1889,0.8918194288564659,99,81,,,,
1890,0.8808053359683793,92,88,,,,
1891,0.8901748971193416,108,72,,,,
1892,0.839516230104023,101,79,,,,
1893,0.894330533596838,92,88,,,,
1894,0.8934793429566948,98,82,,,,
1895,0.9060489856506678,86,94,,,,
1896,0.9424789708065314,94,86,,,,
1897,0.921888518106538,93,87,,,,
1898,0.8755455792492829,99,81,,,,
1899,0.9166877530364372,104,76,,,,
1900,0.8906037782442277,89,91,,,,
1901,0.8831201093031922,97,83,,,,
1902,0.9119391916944753,93,87,,,,
1903,0.9235570386849586,93,87,,,,
1904,0.9184027777777777,96,84,,,,
1905,0.8999505928853755,92,88,,,,
1906,0.9184263448969332,102,78,,,,
1907,0.8729668389862564,103,77,,,,
1908,0.8930431547619049,96,84,,,,
1909,0.8997653162055336,92,88,,,,
1910,0.8699601791936287,98,82,,,,
1911,0.9052063492063491,105,75,,,,
1912,0.9188801596209003,99,81,,,,
1913,0.899888765294772,93,87,,,,
1914,0.8668395748987854,104,76,,,,
1915,0.8529375232890324,97,83,,,,
1916,0.8944205465587044,104,76,,,,
1917,0.8666292555181444,99,81,,,,
1918,0.8770410687778327,86,94,,,,
1919,0.9141595186275765,107,73,,,,
1920,0.9215849443093074,107,73,,,,
1921,0.9153998269682363,93,87,,,,
1922,0.8969569520039584,94,86,,,,
1923,0.8571428571428572,98,82,,,,
1924,0.8929417633121336,99,81,,,,
1925,0.895232198142415,95,85,,,,
1926,0.8848307615729217,98,82,,,,
1927,0.849,100,80,,,,
1928,0.9198507085020243,104,76,,,,
1929,0.904927824788452,98,82,,,,
1930,0.8731818181818183,110,70,,,,
1931,0.9095975232198144,95,85,,,,
1932,0.8882539682539683,105,75,,,,
1933,0.8771875,100,80,,,,
1934,0.8837770897832817,95,85,,,,
1935,0.9003857640617223,98,82,,,,
1936,0.9056017885976897,97,83,,,,
1937,0.9079663532904503,94,86,,,,
1938,0.8707301587301587,105,75,,,,
1939,0.9366939484126986,96,84,,,,
1940,0.842625,100,80,,,,
1941,0.9424002963328806,89,91,,,,
1942,0.918328173374613,95,85,,,,
1943,0.8957893429387653,97,83,,,,
1944,0.8780856092436975,112,68,,,,
1945,0.838477366255144,108,72,,,,
1946,0.8913208502024292,104,76,,,,
1947,0.9258052387517233,101,79,,,,
1948,0.9057439271255061,104,76,,,,
1949,0.9090966599190282,104,76,,,,
1950,0.932641806722689,112,68,,,,
1951,0.88504753673293,91,89,,,,
1952,0.8806423611111112,96,84,,,,
1953,0.9137803067788224,94,86,0.001,0.9137803067788224,0.42424242424242425,0.0
1954,0.8647372997143213,97,83,,,,
1955,0.8885788690476191,96,84,,,,
1956,0.8857466063348416,102,78,,,,
1957,0.8985139318885449,95,85,,,,
1958,0.8541795665634675,95,85,,,,
1959,0.9004320987654321,90,90,,,,
1960,0.9258959681433548,98,82,,,,
1961,0.8688402190144351,98,82,,,,
1962,0.9120160884866768,102,78,0.001,0.9120160884866768,0.4141414141414142,0.0
1963,0.9014046822742476,115,65,,,,
1964,0.8877591706539074,114,66,,,,
1965,0.8731875,100,80,,,,
1966,0.9247278574962892,94,86,,,,
1967,0.8617835968379446,92,88,,,,
1968,0.9020000000000001,100,80,,,,
1969,0.9214783474365356,98,82,,,,
1970,0.9131374243733794,89,91,0.001,0.9131374243733794,0.6060606060606061,0.0
1971,0.8832327802916038,102,78,,,,
1972,0.9041112905229165,97,83,,,,
1973,0.8865195161491458,99,81,,,,
1974,0.9168829563712768,93,87,,,,
1975,0.8461287374330854,111,69,,,,
1976,0.8760371517027863,85,95,,,,
1977,0.8829427246522121,101,79,,,,
1978,0.9162719242094481,107,73,,,,
1979,0.8810325476992144,99,81,,,,
1980,0.8958745059288538,92,88,,,,
1981,0.890177783381667,103,77,,,,
1982,0.8920311714429361,102,78,,,,
1983,0.9028529916787743,113,67,,,,
1984,0.8795180722891567,97,83,,,,
1985,0.911066948205192,97,83,,,,
1986,0.8908720040795512,106,74,,,,
1987,0.8810625,100,80,,,,
1988,0.8945600206745059,109,71,,,,
1989,0.9203960905349794,108,72,,,,
1990,0.9153521301701653,97,83,,,,
1991,0.8906810035842294,93,87,,,,
1992,0.8701547987616098,85,95,,,,
1993,0.8714657738095238,96,84,,,,
1994,0.9500885627530364,104,76,,,,
1995,0.8488669824606324,107,73,,,,
1996,0.8933746130030961,95,85,,,,
1997,0.9125696594427245,85,95,0.001,0.9125696594427245,0.494949494949495,0.0
1998,0.8839009287925698,95,85,,,,
1999,0.9187366032026226,103,77,,,,
2000,0.92175,100,80,,,,
2001,0.8531297134238311,102,78,,,,
2002,0.9193727620693912,89,91,,,,
2003,0.9032038594755071,86,94,,,,
2004,0.9109009457441513,98,82,,,,
2005,0.8948633603238866,104,76,,,,
2006,0.89875173370319,103,77,,,,
2007,0.8697056266302322,97,83,,,,
2008,0.9180927579365079,96,84,,,,
2009,0.899185084578343,91,89,,,,
2010,0.8694334487877289,94,86,,,,
2011,0.894356460532931,102,78,,,,
2012,0.887012987012987,110,70,,,,
2013,0.9021074947000873,99,81,,,,
2014,0.8966662489033713,101,79,,,,
2015,0.9177841834816394,101,79,,,,
2016,0.9016271270649608,97,83,,,,
2017,0.8259180348414586,101,79,,,,
2018,0.8924050632911392,101,79,,,,
2019,0.8762351778656127,92,88,,,,
2020,0.8725255327197073,103,77,,,,
2021,0.9224484665661137,102,78,,,,
2022,0.9019375,100,80,,,,
2023,0.9112532604645386,97,83,,,,
2024,0.9231150793650794,96,84,,,,
2025,0.902529761904762,96,84,,,,
2026,0.8712244642185738,101,79,,,,
2027,0.8952957155204345,89,91,,,,
2028,0.8828945742182671,93,87,,,,
2029,0.8833650793650794,105,75,,,,
2030,0.8885746606334842,102,78,,,,
2031,0.8930041152263376,99,81,,,,
2032,0.8495625,100,80,,,,
2033,0.8913756146765854,103,77,,,,
2034,0.8940217391304349,92,88,,,,
2035,0.8800757279018149,111,69,,,,
2036,0.8979465611083621,94,86,,,,
2037,0.8991950464396284,95,85,,,,
2038,0.8874135375494071,92,88,,,,
2039,0.9054121461528869,99,81,,,,
2040,0.9165946413137425,91,89,,,,
2041,0.9020957341269841,96,84,,,,
2042,0.9217500000000001,100,80,,,,
2043,0.8471618432492858,83,97,,,,
2044,0.8994534840392499,97,83,,,,
2045,0.8589791125942406,93,87,,,,
2046,0.8971078976640712,93,87,,,,
2047,0.9154655971926305,101,79,,,,
2048,0.8794805194805195,110,70,,,,
2049,0.9021523998020782,86,94,,,,
2050,0.9032278806584363,108,72,,,,
2051,0.909532105525137,98,82,,,,
2052,0.9154545454545455,110,70,,,,
2053,0.8875294994410632,97,83,,,,
2054,0.8900625000000001,100,80,,,,
2055,0.8947596094425906,93,87,,,,
2056,0.8832236842105262,104,76,,,,
2057,0.900544285007422,94,86,,,,
2058,0.9348148148148149,90,90,,,,
2059,0.8604841760181566,103,77,,,,
2060,0.9270833333333334,96,84,,,,
2061,0.8775535781426245,101,79,,,,
2062,0.8616255144032923,108,72,,,,
2063,0.8730517848164907,102,78,,,,
2064,0.9287574404761905,96,84,,,,
2065,0.9054489164086688,95,85,,,,
2066,0.9101626528810995,103,77,,,,
2067,0.9200648459907719,99,81,,,,
2068,0.8861011054527387,97,83,,,,
2069,0.889387704202519,99,81,,,,
2070,0.9269662921348314,91,89,,,,
2071,0.9390997352162401,103,77,,,,
2072,0.9048765432098764,90,90,,,,
2073,0.8838315217391304,88,92,,,,
2074,0.8902439024390244,98,82,,,,
2075,0.8990808595205564,97,83,,,,
2076,0.9215534979423868,108,72,,,,
2077,0.8992282388663967,104,76,,,,
2078,0.87893219701717,101,79,,,,
2079,0.9089673913043479,92,88,,,,
2080,0.9074715487382483,94,86,,,,
2081,0.8909281918180696,93,87,,,,
2082,0.8819400927434515,101,79,,,,
2083,0.9095744680851064,94,86,,,,
2084,0.9384999999999999,100,80,,,,
2085,0.8622052105198171,89,91,,,,
2086,0.9090909090909092,88,92,,,,
2087,0.8704950741987779,99,81,,,,
2088,0.9156626506024097,97,83,,,,
2089,0.8784636318654131,94,86,,,,
2090,0.8652755011978313,103,77,,,,
2091,0.8972798410135386,97,83,,,,
2092,0.8852597402597403,110,70,,,,
2093,0.8839064819396338,94,86,,,,
2094,0.9119586859133897,98,82,,,,
2095,0.8683751091158499,99,81,,,,
2096,0.8989547038327526,98,82,,,,
2097,0.8911149825783973,98,82,,,,
2098,0.8944416114227436,106,74,,,,
2099,0.8828647081074265,103,77,,,,
2100,0.9065333498944231,97,83,,,,
2101,0.8804444444444445,105,75,,,,
2102,0.9146190887763922,91,89,,,,
2103,0.8887506222000995,98,82,,,,
2104,0.8520525242223355,106,74,,,,
2105,0.9009176587301588,96,84,,,,
2106,0.8958953373015873,96,84,,,,
2107,0.9042763564454332,87,93,,,,
2108,0.9023591897233202,88,92,,,,
2109,0.911437747035573,92,88,,,,
2110,0.8722208498023715,92,88,,,,
2111,0.8722270961273343,101,79,,,,
2112,0.9248765432098764,90,90,,,,
2113,0.8600691332735886,107,73,,,,
2114,0.8487144454105081,97,83,,,,
2115,0.9079365079365079,105,75,,,,
2116,0.8835972290945077,94,86,,,,
2117,0.8912380952380953,105,75,,,,
2118,0.9171604938271605,90,90,,,,
2119,0.8859507217521154,98,82,,,,
2120,0.8924897119341564,108,72,,,,
2121,0.8680246913580246,90,90,,,,
2122,0.8767123287671232,107,73,,,,
2123,0.9139658584858981,94,86,0.001,0.9139658584858981,0.5858585858585859,0.0
2124,0.9225971638655462,112,68,,,,
2125,0.8883222845486998,106,74,,,,
2126,0.8984691295546559,104,76,,,,
2127,0.8931875,100,80,,,,
2128,0.8862205210519817,91,89,,,,
2129,0.9164375,100,80,,,,
2130,0.871719370119063,107,73,,,,
2131,0.8854489164086687,95,85,,,,
2132,0.9140277090549233,86,94,,,,
2133,0.8832752613240418,98,82,,,,
2134,0.9203310276679841,92,88,,,,
2135,0.901671031300661,81,99,,,,
2136,0.8944375,100,80,,,,
2137,0.8681557989049279,98,82,,,,
2138,0.8767712550607287,104,76,,,,
2139,0.8567813765182186,104,76,,,,
2140,0.8961022684546935,101,79,,,,
2141,0.8866892911010559,102,78,,,,
2142,0.8654999999999999,100,80,,,,
2143,0.8862874177120855,97,83,,,,
2144,0.9225983076157291,98,82,,,,
2145,0.8718577174459528,102,78,,,,
2146,0.9242218379446641,92,88,,,,
2147,0.9162962962962963,90,90,,,,
2148,0.8755656108597285,102,78,,,,
2149,0.8962147451756556,94,86,,,,
2150,0.8820308611249377,98,82,,,,
2151,0.9179448809078439,99,81,,,,
2152,0.9098257927058528,101,79,,,,
2153,0.897212543554007,98,82,,,,
2154,0.8741193919169448,93,87,,,,
2155,0.8700351935646053,102,78,,,,
2156,0.9103838032542542,97,83,,,,
2157,0.9001771255060728,104,76,,,,
2158,0.9017513352378587,97,83,,,,
2159,0.922196502057613,108,72,,,,
2160,0.9291682254645218,99,81,,,,
2161,0.9054121461528869,99,81,,,,
2162,0.9088124999999999,100,80,,,,
2163,0.8912450396825397,96,84,,,,
2164,0.8684374610300537,99,81,,,,
2165,0.9021381578947368,104,76,,,,
2166,0.9034926470588236,112,68,,,,
2167,0.9255332341269841,96,84,,,,
2168,0.880875,100,80,,,,
2169,0.9045567306436871,111,69,,,,
2170,0.8751714677640603,99,81,,,,
2171,0.8754813066699788,97,83,,,,
2172,0.8781424148606811,95,85,,,,
2173,0.9078054298642534,102,78,,,,
2174,0.9142342566140853,97,83,,,,
2175,0.8953734879660805,99,81,,,,
2176,0.9191558441558442,110,70,,,,
2177,0.9017957351290684,99,81,,,,
2178,0.9015029188920631,97,83,,,,
2179,0.8832261256803562,94,86,,,,
2180,0.90025,100,80,,,,
2181,0.8893498452012384,95,85,,,,
2182,0.8661587301587302,105,75,,,,
2183,0.8949870354364736,89,91,,,,
2184,0.8705357142857144,96,84,,,,
2185,0.8479691963731213,97,83,,,,
2186,0.9403809523809524,105,75,,,,
2187,0.8637152777777779,96,84,,,,
2188,0.9009375,100,80,,,,
2189,0.8732556650876968,107,73,,,,
2190,0.9161874999999999,100,80,,,,
2191,0.9463926596279537,102,78,,,,
2192,0.9074283559577677,102,78,,,,
2193,0.8527222875048962,111,69,,,,
2194,0.8990070387129211,102,78,,,,
2195,0.9111290522916409,97,83,,,,
2196,0.9154885912698413,96,84,,,,
2197,0.8921471786640325,91,89,,,,
2198,0.9008097165991903,104,76,,,,
2199,0.932270423927821,93,87,,,,
2200,0.904185701938511,91,89,,,,
2201,0.952127659574468,86,94,,,,
2202,0.9221627675460429,98,82,,,,
2203,0.8756146765855505,103,77,,,,
2204,0.9215238095238096,105,75,,,,
2205,0.9101587301587302,105,75,,,,
2206,0.8545329841626139,99,81,,,,
2207,0.8781587301587301,105,75,,,,
2208,0.8950970632155301,98,82,,,,
2209,0.9146749226006192,95,85,,,,
2210,0.914855297478574,97,83,,,,
2211,0.8911772025883524,98,82,,,,
2212,0.9012499999999999,100,80,,,,
2213,0.9225180041152263,108,72,,,,
2214,0.9128959276018099,102,78,0.001,0.9128959276018099,0.393939393939394,0.0
2215,0.9045700700039625,113,67,,,,
2216,0.8822115384615385,104,76,,,,
2217,0.8892321270962048,103,77,,,,
2218,0.9076655052264808,98,82,,,,
2219,0.8872777707729165,103,77,,,,
2220,0.9077039465388981,103,77,,,,
2221,0.862639428499812,101,79,,,,
2222,0.8673217154863426,93,87,,,,
2223,0.9134615384615385,102,78,0.001,0.9134615384615385,0.30303030303030304,0.0
2224,0.9004934210526315,104,76,,,,
2225,0.8934835488413776,107,73,,,,
2226,0.9086061507936508,96,84,,,,
2227,0.862307117969139,98,82,,,,
2228,0.9034674922600618,95,85,,,,
2229,0.8841758787728232,97,83,,,,
2230,0.9093244767514727,101,79,,,,
2231,0.9049375,100,80,,,,
2232,0.904074074074074,90,90,,,,
2233,0.87367502182317,99,81,,,,
2234,0.9311846689895471,98,82,,,,
2235,0.9343276099761876,101,79,,,,
2236,0.8787616099071208,95,85,,,,
2237,0.8909343084100366,103,77,,,,
2238,0.8981271995977879,102,78,,,,
2239,0.8754457799498085,113,67,,,,
2240,0.9125126518218625,104,76,0.001,0.9125126518218625,0.595959595959596,0.0
2241,0.898625,100,80,,,,
2242,0.9087791495198903,99,81,,,,
2243,0.9020952380952381,105,75,,,,
2244,0.902157738095238,96,84,,,,
2245,0.8693330021115389,97,83,,,,
2246,0.9106501547987615,95,85,,,,
2247,0.920138888888889,96,84,,,,
2248,0.9113312693498452,95,85,,,,
2249,0.8909973521624007,103,77,,,,
2250,0.9046052631578947,104,76,,,,
2251,0.8788442460317462,96,84,,,,
2252,0.9067482387838339,93,87,,,,
2253,0.9098164906988436,102,78,,,,
2254,0.9024562757201646,108,72,,,,
2255,0.9181922929202408,107,73,,,,
2256,0.8909357470678225,106,74,,,,
2257,0.9322273662551441,108,72,,,,
2258,0.89894419306184,102,78,,,,
2259,0.9032921810699589,99,81,,,,
2260,0.9101391151773406,101,79,,,,
2261,0.9014084507042253,109,71,,,,
2262,0.8975615887380594,102,78,,,,
2263,0.9359180145697,89,91,,,,
2264,0.8981321128154378,94,86,,,,
2265,0.8509208561473369,98,82,,,,
2266,0.9029934169668363,97,83,,,,
2267,0.8795665634674923,85,95,,,,
2268,0.8502364360378298,98,82,,,,
2269,0.9158950617283951,108,72,,,,
2270,0.8559510567296997,93,87,,,,
2271,0.9038842157347847,94,86,,,,
2272,0.8966817496229261,102,78,,,,
2273,0.8727146639768,103,77,,,,
2274,0.8944230530368897,97,83,,,,
2275,0.8945278022947926,103,77,,,,
2276,0.9073431069958848,108,72,,,,
2277,0.8806933198380568,104,76,,,,
2278,0.9031674772415513,99,81,,,,
2279,0.9227714033539276,103,77,,,,
2280,0.9354034168848985,99,81,,,,
2281,0.883405572755418,95,85,,,,
2282,0.9052449282533399,86,94,,,,
2283,0.876264242734605,107,73,,,,
2284,0.9096385542168675,97,83,,,,
2285,0.9140744518103009,106,74,,,,
2286,0.8655692729766803,99,81,,,,
2287,0.9033894111825828,94,86,,,,
2288,0.8972095320409929,91,89,,,,
2289,0.8563870474247832,106,74,,,,
2290,0.912375,100,80,0.001,0.912375,0.4444444444444445,0.0
2291,0.9090730042016806,112,68,,,,
2292,0.9440123456790124,90,90,,,,
2293,0.9226804123711341,97,83,,,,
2294,0.8982716049382715,90,90,,,,
2295,0.8781497035573123,92,88,,,,
2296,0.8883308531746033,96,84,,,,
2297,0.9178005937654626,94,86,,,,
2298,0.9341712294673968,98,82,,,,
2299,0.8821264439200099,97,83,,,,
2300,0.9220148783255578,103,77,,,,
2301,0.9203983176645224,86,94,,,,
2302,0.8993325917686318,93,87,,,,
2303,0.9259030183077686,94,86,,,,
2304,0.8641905480140774,102,78,,,,
2305,0.8969225064886911,93,87,,,,
2306,0.8705905155704871,109,71,,,,
2307,0.9209615622296379,87,93,,,,
2308,0.9145927601809954,102,78,,,,
2309,0.9041501976284585,92,88,,,,
2310,0.8931840672934191,94,86,,,,
2311,0.8583405788100857,97,83,,,,
2312,0.8710474308300394,92,88,,,,
2313,0.8679069188651071,98,82,,,,
2314,0.8595694375311099,98,82,,,,
2315,0.8915,100,80,,,,
2316,0.8748602658054899,97,83,,,,
2317,0.8771581170040988,97,83,,,,
2318,0.9068100358422939,93,87,,,,
2319,0.8930664671405412,99,81,,,,
2320,0.8544146825396827,96,84,,,,
2321,0.9008097165991904,104,76,,,,
2322,0.8880159620900362,99,81,,,,
2323,0.9084673899488713,99,81,,,,
2324,0.8920311714429362,102,78,,,,
2325,0.9103086419753086,90,90,,,,
2326,0.8646984126984127,105,75,,,,
2327,0.9211915535444948,102,78,,,,
2328,0.9053869969040248,85,95,,,,
2329,0.8836190476190475,105,75,,,,
2330,0.8717645594823294,98,82,,,,
2331,0.8641761504205838,94,86,,,,
2332,0.8970495523893581,103,77,,,,
2333,0.8765294771968855,93,87,,,,
2334,0.8996757700461404,99,81,,,,
2335,0.8823160797092368,101,79,,,,
2336,0.9462646608873023,106,74,,,,
2337,0.8559165019762845,92,88,,,,
2338,0.8769043656382025,107,73,,,,
2339,0.9078571428571428,110,70,,,,
2340,0.8943386710377003,103,77,,,,
2341,0.923119742701633,94,86,,,,
2342,0.916316699604743,88,92,,,,
2343,0.9054320987654323,90,90,,,,
2344,0.8922877271041898,93,87,,,,
2345,0.9324977151064108,111,69,,,,
2346,0.9186487854251012,104,76,,,,
2347,0.9073342387949129,91,89,,,,
2348,0.8768485466598673,106,74,,,,
2349,0.8931428571428571,105,75,,,,
2350,0.8792712142226705,103,77,,,,
2351,0.9202817945865777,87,93,,,,
2352,0.9259999999999999,100,80,,,,
2353,0.8773993808049536,95,85,,,,
2354,0.8872147270205523,103,77,,,,
2355,0.9092618122571752,79,101,,,,
2356,0.8833271536274874,93,87,,,,
2357,0.9283274291497976,104,76,,,,
2358,0.9003125000000001,100,80,,,,
2359,0.8655478395061729,108,72,,,,
2360,0.9253508880884361,97,83,,,,
2361,0.938390092879257,95,85,,,,
2362,0.8778526000748224,99,81,,,,
2363,0.8709856719367588,92,88,,,,
2364,0.8854179528336831,91,89,,,,
2365,0.8950321523137057,103,77,,,,
2366,0.9320344650205762,108,72,,,,
2367,0.9162014885699096,114,66,,,,
2368,0.9127554179566564,95,85,0.001,0.9127554179566564,0.4747474747474748,0.0
2369,0.9045454545454545,110,70,,,,
2370,0.8939393939393939,99,81,,,,
2371,0.9131324404761904,96,84,0.001,0.9131324404761904,0.3535353535353536,0.0
2372,0.8947628458498023,88,92,,,,
2373,0.8907114127702364,102,78,,,,
2374,0.9001784803671596,106,74,,,,
2375,0.8578055418109847,94,86,,,,
2376,0.9252513382948165,111,69,,,,
2377,0.916687406669985,98,82,,,,
2378,0.8672766010778293,101,79,,,,
2379,0.916780185758514,95,85,,,,
2380,0.8972125435540069,98,82,,,,
2381,0.9373759920634921,96,84,,,,
2382,0.8780126065999259,87,93,,,,
2383,0.861773058402272,91,89,,,,
2384,0.8743799603174603,96,84,,,,
2385,0.8870655123400957,109,71,,,,
2386,0.9173968253968254,105,75,,,,
2387,0.8932186234817814,104,76,,,,
2388,0.9034690799396682,102,78,,,,
2389,0.8798095238095238,105,75,,,,
2390,0.9007981045018082,99,81,,,,
2391,0.89175,100,80,,,,
2392,0.8736868125077247,93,87,,,,
2393,0.897708360005121,107,73,,,,
2394,0.8884489693313222,102,78,,,,
2395,0.9287580886012942,98,82,,,,
2396,0.8909465020576132,99,81,,,,
2397,0.915158371040724,102,78,,,,
2398,0.8539467068878834,102,78,,,,
2399,0.9044326460056797,89,91,,,,
2400,0.9124579124579124,99,81,0.001,0.9124579124579124,0.4646464646464647,0.0
2401,0.8537473762192863,91,89,,,,
2402,0.8929718379446641,92,88,,,,
2403,0.9198089492207139,102,78,,,,
2404,0.9152477275636922,107,73,,,,
2405,0.8758286588475267,106,74,,,,
2406,0.9011324041811847,98,82,,,,
2407,0.893350930115636,102,78,,,,
2408,0.877592845609241,97,83,,,,
2409,0.9272025883524142,98,82,,,,
2410,0.9008556547619048,96,84,,,,
2411,0.8857380617078481,107,73,,,,
2412,0.8760198878123406,106,74,,,,
2413,0.9113107287449392,104,76,,,,
2414,0.8724777541045243,101,79,,,,
2415,0.8799380804953559,95,85,,,,
2416,0.8714551083591332,95,85,,,,
2417,0.8546734164711692,91,89,,,,
2418,0.8752480158730158,96,84,,,,
2419,0.887598814229249,88,92,,,,
2420,0.8782625141848445,103,77,,,,
2421,0.907703946538898,103,77,,,,
2422,0.8502318586289008,101,79,,,,
2423,0.9030877976190476,96,84,,,,
2424,0.9016710313006608,99,81,,,,
2425,0.8866039952996474,111,69,,,,
2426,0.869169143300168,109,71,,,,
2427,0.9004239930165856,99,81,,,,
2428,0.9318448883666275,111,69,,,,
2429,0.9004375,100,80,,,,
2430,0.8908720040795514,106,74,,,,
2431,0.9139375000000001,100,80,0.001,0.9139375000000001,0.5858585858585859,0.0
2432,0.911111111111111,105,75,,,,
2433,0.8655368629391391,94,86,,,,
2434,0.926749226006192,95,85,,,,
2435,0.8987616099071208,95,85,,,,
2436,0.9172473867595818,98,82,,,,
2437,0.8819444444444444,96,84,,,,
2438,0.8668354117792318,91,89,,,,
2439,0.9253359880537582,98,82,,,,
2440,0.8999259167798492,89,91,,,,
2441,0.8999248026068429,101,79,,,,
2442,0.9069336299592139,87,93,,,,
2443,0.9067786146437832,91,89,,,,
2444,0.897806077417728,103,77,,,,
2445,0.8880673125956144,106,74,,,,
2446,0.9197460317460318,105,75,,,,
2447,0.8795530312384245,91,89,,,,
2448,0.9139081027667985,92,88,0.001,0.9139081027667985,0.48484848484848486,0.0
2449,0.9279211871804465,99,81,,,,
2450,0.8996685364609893,106,74,,,,
2451,0.9115612648221344,92,88,,,,
2452,0.9224443319838056,104,76,,,,
2453,0.893939393939394,99,81,,,,
2454,0.8905725996770588,97,83,,,,
2455,0.9049215587044533,104,76,,,,
2456,0.9044218109551609,97,83,,,,
2457,0.9204446652589742,97,83,,,,
2458,0.9169362867098059,98,82,,,,
2459,0.9220987654320988,90,90,,,,
2460,0.8481646273637374,93,87,,,,
2461,0.8574032176973353,102,78,,,,
2462,0.9111990950226244,102,78,,,,
2463,0.8865635997988939,102,78,,,,
2464,0.9543650793650793,96,84,,,,
2465,0.9087306501547987,85,95,,,,
2466,0.8929325549621165,97,83,,,,
2467,0.9343276099761875,101,79,,,,
2468,0.8287083125933299,98,82,,,,
2469,0.9050697733964921,107,73,,,,
2470,0.9087619047619047,105,75,,,,
2471,0.9003596230158731,96,84,,,,
2472,0.8992712450592885,88,92,,,,
2473,0.8834841628959276,102,78,,,,
2474,0.9139469658337582,106,74,0.001,0.9139469658337582,0.5353535353535354,0.0
2475,0.8921689723320158,92,88,,,,
2476,0.9043056246889,82,98,,,,
2477,0.8630154154655971,101,79,,,,
2478,0.8834325396825395,96,84,,,,
2479,0.9224761904761904,105,75,,,,
2480,0.9299005039410777,109,71,,,,
2481,0.9201857585139319,95,85,,,,
2482,0.898768043802887,98,82,,,,
2483,0.8531048985650668,94,86,,,,
2484,0.8680288162961123,97,83,,,,
2485,0.91738371368001,99,81,,,,
2486,0.8549375000000001,100,80,,,,
2487,0.9283244845042599,91,89,,,,
2488,0.8925037110341415,94,86,,,,
2489,0.8981528340080971,104,76,,,,
2490,0.8816082015810277,88,92,,,,
2491,0.8985534355904727,99,81,,,,
2492,0.9219503151649981,93,87,,,,
2493,0.8795588419601454,101,79,,,,
2494,0.9135007649158592,106,74,0.001,0.9135007649158592,0.32323232323232326,0.0
2495,0.9308917984189724,88,92,,,,
2496,0.9535029452312319,101,79,,,,
2497,0.9001784803671595,106,74,,,,
2498,0.8767233883989567,97,83,,,,
2499,0.8741150167681033,97,83,,,,
2500,0.8986923788138951,113,67,,,,
2501,0.8944103271086601,101,79,,,,
2502,0.8574711215998012,97,83,,,,
2503,0.910507792860734,102,78,,,,
2504,0.8358485898070261,94,86,,,,
2505,0.8517471091000502,102,78,,,,
2506,0.8739374999999999,100,80,,,,
2507,0.8996775793650793,96,84,,,,
2508,0.8743206521739131,88,92,,,,
2509,0.8518952957155204,91,89,,,,
2510,0.9059337044534413,104,76,,,,
2511,0.8784584980237153,92,88,,,,
2512,0.8443635016668725,89,91,,,,
2513,0.9254846277318187,91,89,,,,
2514,0.9016180830039526,92,88,,,,
2515,0.8550273768043802,98,82,,,,
2516,0.90859255481897,106,74,,,,
2517,0.8445293896478255,101,79,,,,
2518,0.9083837510803803,91,89,,,,
2519,0.933448787728847,86,94,,,,
2520,0.8557692307692308,102,78,,,,
2521,0.8851875,100,80,,,,
2522,0.907029331955033,109,71,,,,
2523,0.9100111787355608,97,83,,,,
2524,0.8369767730716682,97,83,,,,
2525,0.9118937210176714,101,79,,,,
2526,0.9340041980491418,89,91,,,,
2527,0.8723272772216043,87,93,,,,
2528,0.8473710755264152,103,77,,,,
2529,0.9053686293913903,94,86,,,,
2530,0.865149413693103,103,77,,,,
2531,0.9122697079834565,101,79,0.001,0.9122697079834565,0.20202020202020204,0.0
2532,0.8958647561588737,102,78,,,,
2533,0.89259671239649,93,87,,,,
2534,0.8893728222996515,98,82,,,,
2535,0.8789659224441833,111,69,,,,
2536,0.9312005928853755,92,88,,,,
2537,0.9396433470507544,99,81,,,,
2538,0.8644527716759272,109,71,,,,
2539,0.9011240118577074,92,88,,,,
2540,0.903227840121044,103,77,,,,
2541,0.912828947368421,104,76,0.001,0.912828947368421,0.6060606060606061,0.0
2542,0.8714534594325535,98,82,,,,
2543,0.8597081930415263,99,81,,,,
2544,0.8934041501976284,92,88,,,,
2545,0.8909412955465587,104,76,,,,
2546,0.8976524655322321,97,83,,,,
2547,0.9086419753086419,90,90,,,,
2548,0.8688241106719368,88,92,,,,
2549,0.904389880952381,84,96,,,,
2550,0.8655727554179566,95,85,,,,
2551,0.8887078581275848,101,79,,,,
2552,0.8755000000000001,100,80,,,,
2553,0.8929497468823312,89,91,,,,
2554,0.9245201238390093,85,95,,,,
2555,0.8697935978247435,93,87,,,,
2556,0.9258641975308641,90,90,,,,
2557,0.8702024593218233,97,83,,,,
2558,0.9126875,100,80,0.001,0.9126875,0.4444444444444445,0.0
2559,0.9106875000000001,100,80,,,,
2560,0.8656669985067197,98,82,,,,
2561,0.8967283950617285,90,90,,,,
2562,0.869090909090909,110,70,,,,
2563,0.9023125,100,80,,,,
2564,0.8696250000000001,100,80,,,,
2565,0.9090623428858723,102,78,,,,
2566,0.8702024593218233,97,83,,,,
2567,0.8896410383803254,97,83,,,,
2568,0.9154216569946907,91,89,,,,
2569,0.9041189646590344,98,82,,,,
2570,0.8768043802887009,98,82,,,,
2571,0.8794427244582042,95,85,,,,
2572,0.9046052631578947,104,76,,,,
2573,0.8969264403292181,108,72,,,,
2574,0.8679691388750622,98,82,,,,
2575,0.8484791352438411,102,78,,,,
2576,0.9129464285714286,96,84,0.0014384498882876629,0.9141865079365079,0.5353535353535354,0.0
2577,0.849640376984127,96,84,,,,
2578,0.927936507936508,105,75,,,,
2579,0.890198279087168,99,81,,,,
2580,0.9099638358897619,99,81,,,,
2581,0.8912450396825398,96,84,,,,
2582,0.8861610027135289,109,71,,,,
2583,0.8938699690402477,95,85,,,,
2584,0.8727397431101135,99,81,,,,
2585,0.9075974025974026,110,70,,,,
2586,0.8983448616600791,88,92,,,,
2587,0.8765603328710125,103,77,,,,
2588,0.8910264444165936,101,79,,,,
2589,0.9108806359458453,97,83,,,,
2590,0.8942849981200651,101,79,,,,
2591,0.8922033030341826,107,73,,,,
2592,0.9066220238095238,96,84,,,,
2593,0.8649825783972125,98,82,,,,
2594,0.8711340206185567,97,83,,,,
2595,0.9081338513598195,101,79,,,,
2596,0.907727725236436,98,82,,,,
2597,0.891504160973792,97,83,,,,
2598,0.9014328063241107,88,92,,,,
2599,0.8842516706594378,103,77,,,,
2600,0.8818431225838633,99,81,,,,
2601,0.8932038834951456,103,77,,,,
2602,0.9094866214313149,107,73,,,,
2603,0.9112594240514151,87,93,,,,
2604,0.8951592832254853,98,82,,,,
2605,0.8264508928571428,96,84,,,,
2606,0.8729538690476191,96,84,,,,
2607,0.8916749011857708,88,92,,,,
2608,0.89473033151905,94,86,,,,
2609,0.9077932098765431,108,72,,,,
2610,0.8801234567901234,90,90,,,,
2611,0.9248253968253968,105,75,,,,
2612,0.9510328521652563,98,82,,,,
2613,0.8660094246031748,84,96,,,,
2614,0.881948051948052,110,70,,,,
2615,0.9110725308641975,108,72,,,,
2616,0.9002647837599295,103,77,,,,
2617,0.8544037605145967,94,86,,,,
2618,0.9068675889328064,92,88,,,,
2619,0.9351771823681937,91,89,,,,
2620,0.8838745524138782,89,91,,,,
2621,0.8881546442687748,92,88,,,,
2622,0.850166687245339,91,89,,,,
2623,0.8811111111111112,90,90,,,,
2624,0.9160390171626127,89,91,,,,
2625,0.8953111360518768,99,81,,,,
2626,0.8951512896825397,96,84,,,,
2627,0.8908730158730158,96,84,,,,
2628,0.9152840623428858,102,78,,,,
2629,0.9024616526472043,94,86,,,,
2630,0.9317583657099888,101,79,,,,
2631,0.9409079218106996,108,72,,,,
2632,0.8631407444541923,101,79,,,,
2633,0.8742414860681115,95,85,,,,
2634,0.8933125,100,80,,,,
2635,0.8974603174603174,105,75,,,,
2636,0.8926410667983702,89,91,,,,
2637,0.8536875,100,80,,,,
2638,0.8511714249135833,107,73,,,,
2639,0.8714717741935484,124,56,,,,
2640,0.8557176705324853,99,81,,,,
2641,0.8782625141848442,103,77,,,,
2642,0.8972672064777328,104,76,,,,
2643,0.8904600301659125,102,78,,,,
2644,0.8879700219666624,109,71,,,,
2645,0.921374236189051,99,81,,,,
2646,0.9144104251012146,104,76,,,,
2647,0.8972839506172839,90,90,,,,
2648,0.8855813360530341,106,74,,,,
2649,0.9133124999999999,100,80,0.001,0.9133124999999999,0.393939393939394,0.0
2650,0.9257792860734038,102,78,,,,
2651,0.9357275541795665,95,85,,,,
2652,0.8849240646993457,91,89,,,,
2653,0.8905877929565109,101,79,,,,
2654,0.8880726015557477,91,89,,,,
2655,0.9480495356037152,95,85,,,,
2656,0.8980246913580248,90,90,,,,
2657,0.8949849170437406,102,78,,,,
2658,0.8853250773993808,95,85,,,,
2659,0.9305882352941177,95,85,,,,
2660,0.8815625,100,80,,,,
2661,0.8695652173913043,88,92,,,,
2662,0.9138875062220011,98,82,0.001,0.9138875062220011,0.393939393939394,0.0
2663,0.892006052200227,103,77,,,,
2664,0.9078281269292505,91,89,,,,
2665,0.9141363862618218,98,82,,,,
2666,0.900012351778656,92,88,,,,
2667,0.8856100371271285,107,73,,,,
2668,0.9153261005112857,99,81,,,,
2669,0.8644547325102881,108,72,,,,
2670,0.9008775182301323,87,93,,,,
2671,0.8998765432098765,90,90,,,,
2672,0.9127160493827161,90,90,0.001,0.9127160493827161,0.33333333333333337,0.0
2673,0.9301156359979887,102,78,,,,
2674,0.8613293428108243,99,81,,,,
2675,0.9193548387096774,93,87,,,,
2676,0.8687375992063493,96,84,,,,
2677,0.9042434046789447,98,82,,,,
2678,0.8846889342172362,106,74,,,,
2679,0.8922106068332484,106,74,,,,
2680,0.8890667008065548,107,73,,,,
2681,0.9181121166415285,102,78,,,,
2682,0.8927224736048265,102,78,,,,
2683,0.8914920634920636,105,75,,,,
2684,0.900625,100,80,,,,
2685,0.8653968253968254,105,75,,,,
2686,0.8485714285714285,105,75,,,,
2687,0.9258823529411765,95,85,,,,
2688,0.9294425087108013,98,82,,,,
2689,0.93225,100,80,,,,
2690,0.8986157875046763,99,81,,,,
2691,0.8895747599451304,99,81,,,,
2692,0.8934560585046021,103,77,,,,
2693,0.8341439082179825,99,81,,,,
2694,0.9045130035696075,106,74,,,,
2695,0.8951240803092655,99,81,,,,
2696,0.9050154798761609,95,85,,,,
2697,0.9064819396338446,94,86,,,,
2698,0.9257344597150423,103,77,,,,
2699,0.9382092530240678,99,81,,,,
2700,0.9295293522267206,104,76,,,,
2701,0.8904803062106432,89,91,,,,
2702,0.8846875,100,80,,,,
2703,0.9042724458204334,95,85,,,,
2704,0.8662644544997485,102,78,,,,
2705,0.8897031424667743,97,83,,,,
2706,0.8950395843641762,94,86,,,,
2707,0.911267076074696,101,79,,,,
2708,0.9194711538461539,104,76,,,,
2709,0.8433886375062846,102,78,,,,
2710,0.8962539682539683,105,75,,,,
2711,0.8894547261209789,97,83,,,,
2712,0.9167805241584897,97,83,,,,
2713,0.8683424589347934,98,82,,,,
2714,0.8995776922121477,97,83,,,,
2715,0.8395625000000001,100,80,,,,
2716,0.8449882002235747,97,83,,,,
2717,0.8889799520867483,103,77,,,,
2718,0.8752549719530851,106,74,,,,
2719,0.9074303405572756,95,85,,,,
2720,0.9124258893280632,88,92,0.001,0.9124258893280632,0.5050505050505051,0.0
2721,0.8666419478432827,93,87,,,,
2722,0.8796608055867314,99,81,,,,
2723,0.8941416388579904,93,87,,,,
2724,0.8894117647058823,95,85,,,,
2725,0.859375,84,96,,,,
2726,0.9162987012987014,110,70,,,,
2727,0.8998015873015872,96,84,,,,
2728,0.9061111111111111,90,90,,,,
2729,0.9214810924369748,112,68,,,,
2730,0.9024224446916327,93,87,,,,
2731,0.9095873015873015,105,75,,,,
2732,0.928823603580885,103,77,,,,
2733,0.8768983825163601,91,89,,,,
2734,0.9014860681114552,95,85,,,,
2735,0.8959387651821863,104,76,,,,
2736,0.8857089412644968,99,81,,,,
2737,0.8659484956654767,106,74,,,,
2738,0.8887466393547561,107,73,,,,
2739,0.8922089146808247,91,89,,,,
2740,0.8824588477366255,108,72,,,,
2741,0.8952212835707981,103,77,,,,
2742,0.8549209586945435,106,74,,,,
2743,0.8851851851851853,90,90,,,,
2744,0.8892063492063494,105,75,,,,
2745,0.8973882985533223,107,73,,,,
2746,0.9429375,100,80,,,,
2747,0.893802012172401,97,83,,,,
2748,0.8868955761316872,108,72,,,,
2749,0.9131168831168831,110,70,0.001,0.9131168831168831,0.5454545454545455,0.0
2750,0.8996757700461404,99,81,,,,
2751,0.9241269841269841,105,75,,,,
2752,0.9211309523809523,96,84,,,,
2753,0.8853664565566679,93,87,,,,
2754,0.9082756061355765,86,94,,,,
2755,0.9123839009287926,95,85,0.001,0.9123839009287926,0.43434343434343436,0.0
2756,0.9176366396761134,104,76,,,,
2757,0.8941050779286075,102,78,,,,
2758,0.8856382978723404,94,86,,,,
2759,0.9204938271604939,90,90,,,,
2760,0.9067936507936508,105,75,,,,
2761,0.8800907830034044,103,77,,,,
2762,0.8400692127054752,93,87,,,,
2763,0.9065344806085547,99,81,,,,
2764,0.898405870445344,104,76,,,,
2765,0.9032657100445324,94,86,,,,
2766,0.9488636363636364,92,88,,,,
2767,0.88875,100,80,,,,
2768,0.87318345547137,97,83,,,,
2769,0.9060681114551082,85,95,,,,
2770,0.9151432806324111,92,88,,,,
2771,0.890026885161951,107,73,,,,
2772,0.9039780521262003,99,81,,,,
2773,0.9009999999999999,100,80,,,,
2774,0.9115789473684209,95,85,,,,
2775,0.8823311519940733,89,91,,,,
2776,0.9110216718266255,95,85,,,,
2777,0.8994861511467602,101,79,,,,
2778,0.8902620792448144,97,83,,,,
2779,0.8954734585802547,103,77,,,,
2780,0.9152520576131687,108,72,,,,
2781,0.8926630434782608,92,88,,,,
2782,0.8843952215032354,98,82,,,,
2783,0.8848005926657612,91,89,,,,
2784,0.8895975232198142,95,85,,,,
2785,0.8953619909502263,102,78,,,,
2786,0.9103409656545545,98,82,,,,
2787,0.9251040221914009,103,77,,,,
2788,0.8738115816767503,91,89,,,,
2789,0.9093125000000001,100,80,,,,
2790,0.8737937084847726,101,79,,,,
2791,0.8806933198380567,104,76,,,,
2792,0.8480495356037152,95,85,,,,
2793,0.8624746963562753,104,76,,,,
2794,0.8763002882566736,101,79,,,,
2795,0.8714534594325536,98,82,,,,
2796,0.9041095890410958,107,73,,,,
2797,0.935455570873543,101,79,,,,
2798,0.8761386639676113,104,76,,,,
2799,0.914102088740576,93,87,,,,
2800,0.8806093829678736,106,74,,,,
2801,0.9254938271604939,90,90,,,,
2802,0.8948481831757092,98,82,,,,
2803,0.9225113122171945,102,78,,,,
2804,0.8753111000497761,98,82,,,,
2805,0.8973947400913692,89,91,,,,
2806,0.8988311688311689,110,70,,,,
2807,0.9199147762877552,101,79,,,,
2808,0.9080625,100,80,,,,
2809,0.8965921718730708,91,89,,,,
2810,0.9075270152776052,97,83,,,,
2811,0.8914386584289498,103,77,,,,
2812,0.9024344801887965,97,83,,,,
2813,0.9232458974027653,109,71,,,,
2814,0.9110625,100,80,,,,
2815,0.8853908955962394,94,86,,,,
2816,0.8732018849206349,96,84,,,,
2817,0.9121751376264243,107,73,0.001,0.9121751376264243,0.4444444444444445,0.0
2818,0.8801755036460264,93,87,,,,
2819,0.8692336309523809,96,84,,,,
2820,0.9161990273101384,99,81,,,,
2821,0.8939148830263813,98,82,,,,
2822,0.9053586862575627,91,89,,,,
2823,0.87225,100,80,,,,
2824,0.8819401316606633,97,83,,,,
2825,0.8847348155508632,97,83,,,,
2826,0.8459841129744041,103,77,,,,
2827,0.854625,100,80,,,,
2828,0.86115569823435,91,89,,,,
2829,0.8511111111111112,105,75,,,,
2830,0.9143230462916874,98,82,,,,
2831,0.9051049559060986,97,83,,,,
2832,0.8988124690747155,86,94,,,,
2833,0.9026207924481431,97,83,,,,
2834,0.8901098901098901,91,89,,,,
2835,0.9174015650229785,97,83,,,,
2836,0.8709059448770239,93,87,,,,
2837,0.9367159359085827,97,83,,,,
2838,0.9188125,100,80,,,,
2839,0.8660403185664509,98,82,,,,
2840,0.9048125,100,80,,,,
2841,0.9007038712921066,102,78,,,,
2842,0.880247678018576,95,85,,,,
2843,0.9653946876169099,99,81,,,,
2844,0.90298042149894,99,81,,,,
2845,0.8760496302794837,101,79,,,,
2846,0.9046873041734553,101,79,,,,
2847,0.8549847016828149,106,74,,,,
2848,0.8975012748597654,106,74,,,,
2849,0.8748125,100,80,,,,
2850,0.9055873015873015,105,75,,,,
2851,0.8618652589240825,102,78,,,,
2852,0.9111907114624506,92,88,,,,
2853,0.9393939393939394,99,81,,,,
2854,0.9290150291889206,97,83,,,,
2855,0.8767318159327065,94,86,,,,
2856,0.8775928456092411,97,83,,,,
2857,0.8677272727272728,110,70,,,,
2858,0.9257083170126648,111,69,,,,
2859,0.9311490978157644,117,63,,,,
2860,0.8730237154150199,92,88,,,,
2861,0.8670745272525028,87,93,,,,
2862,0.8921311884274847,99,81,,,,
2863,0.8728020950243172,99,81,,,,
2864,0.8881741712023751,94,86,,,,
2865,0.9074074074074074,99,81,,,,
2866,0.9043962848297215,95,85,,,,
2867,0.8738080495356038,95,85,,,,
2868,0.8824148606811145,95,85,,,,
2869,0.8717267786561265,92,88,,,,
2870,0.8972949604743083,88,92,,,,
2871,0.9149539780607742,103,77,,,,
2872,0.8941746366910942,97,83,,,,
2873,0.900634644101543,98,82,,,,
2874,0.9224308300395258,88,92,,,,
2875,0.8765935747067821,106,74,,,,
2876,0.9052618577075098,92,88,,,,
2877,0.8789592760180995,102,78,,,,
2878,0.9124953652206155,93,87,0.001,0.9124953652206155,0.31313131313131315,0.0
2879,0.918888888888889,90,90,,,,
2880,0.8983977145696188,97,83,,,,
2881,0.8826581027667985,88,92,,,,
2882,0.8659003831417624,93,87,,,,
2883,0.9284998120065171,101,79,,,,
2884,0.9203435916450378,93,87,,,,
2885,0.9471153846153847,104,76,,,,
2886,0.8920482827277252,98,82,,,,
2887,0.9056899360822158,101,79,,,,
2888,0.9154411764705883,112,68,,,,
2889,0.8992035838725734,98,82,,,,
2890,0.8349123031622071,107,73,,,,
2891,0.8753570984970811,83,97,,,,
2892,0.8806093829678735,106,74,,,,
2893,0.9176954732510288,99,81,,,,
2894,0.8616367965910514,101,79,,,,
2895,0.9222249875559979,98,82,,,,
2896,0.910950438759115,87,93,,,,
2897,0.9178947368421052,95,85,,,,
2898,0.8970114087301586,96,84,,,,
2899,0.9045374560080442,102,78,,,,
2900,0.8927327028372323,98,82,,,,
2901,0.9452149791955617,103,77,,,,
2902,0.9412643106022897,98,82,,,,
2903,0.8922197083961789,102,78,,,,
2904,0.8933746130030961,95,85,,,,
2905,0.9125209975449023,109,71,0.001,0.9125209975449023,0.3535353535353536,0.0
2906,0.8844246031746031,96,84,,,,
2907,0.9418128280629882,107,73,,,,
2908,0.8719291682254645,99,81,,,,
2909,0.8960371517027864,95,85,,,,
2910,0.927762568442011,98,82,,,,
2911,0.9070528656126481,92,88,,,,
2912,0.9377089783281733,95,85,,,,
2913,0.8705351625262637,93,87,,,,
2914,0.8587542298533651,101,79,,,,
2915,0.9006831983805669,104,76,,,,
2916,0.880925925925926,90,90,,,,
2917,0.9266921936758894,92,88,,,,
2918,0.930254417846848,101,79,,,,
2919,0.9156493506493507,110,70,,,,
2920,0.9084008097165992,104,76,,,,
2921,0.8929738562091504,102,78,,,,
2922,0.9323223461586665,101,79,,,,
2923,0.894974307557338,101,79,,,,
2924,0.9162326388888888,96,84,,,,
2925,0.872467885375494,92,88,,,,
2926,0.8743047830923247,93,87,,,,
2927,0.9086610253857641,98,82,,,,
2928,0.9233572134387351,88,92,,,,
2929,0.9190244526949174,107,73,,,,
2930,0.9098701298701299,110,70,,,,
2931,0.8865146008271713,101,79,,,,
2932,0.8810948996134181,99,81,,,,
2933,0.8688048448893834,93,87,,,,
2934,0.9005153343388638,102,78,,,,
2935,0.9188171379182615,91,89,,,,
2936,0.8834642723531612,99,81,,,,
2937,0.867595818815331,98,82,,,,
2938,0.8928704508756676,97,83,,,,
2939,0.9151431093178666,103,77,,,,
2940,0.9411655759970365,89,91,,,,
2941,0.9038730158730158,105,75,,,,
2942,0.8970734126984127,96,84,,,,
2943,0.8666002986560477,98,82,,,,
2944,0.8785202569169961,92,88,,,,
2945,0.9337123659387517,109,71,,,,
2946,0.8802168705081326,103,77,,,,
2947,0.9251612103174603,96,84,,,,
2948,0.8925175947647858,89,91,,,,
2949,0.911058881741712,94,86,,,,
2950,0.8846489587230328,99,81,,,,
2951,0.8898658906882592,104,76,,,,
2952,0.9276875000000001,100,80,,,,
2953,0.8616849178695869,98,82,,,,
2954,0.9008021055270083,101,79,,,,
2955,0.8949898785425101,104,76,,,,
2956,0.9081556303778526,99,81,,,,
2957,0.9343998015873015,96,84,,,,
2958,0.916822546452176,99,81,,,,
2959,0.9090909090909091,92,88,,,,
2960,0.9125808860129417,98,82,0.001,0.9125808860129417,0.393939393939394,0.0
2961,0.8689164086687307,95,85,,,,
2962,0.9120160884866767,102,78,0.001,0.9120160884866767,0.5252525252525253,0.0
2963,0.89031498015873,96,84,,,,
2964,0.8645,100,80,,,,
2965,0.88375736307808,101,79,,,,
2966,0.8700846192135391,98,82,,,,
2967,0.8847113106372365,99,81,,,,
2968,0.8874938149430975,94,86,,,,
2969,0.8725126683969843,93,87,,,,
2970,0.9304024767801858,95,85,,,,
2971,0.889834848290872,107,73,,,,
2972,0.8688432134352676,101,79,,,,
2973,0.8886473729971432,97,83,,,,
2974,0.9279540684035066,89,91,,,,
2975,0.9157162551698208,101,79,,,,
2976,0.9233015873015873,105,75,,,,
2977,0.8761116600790513,92,88,,,,
2978,0.9431875314228255,102,78,,,,
2979,0.8861632095391876,97,83,,,,
2980,0.884270781483325,98,82,,,,
2981,0.8316042510121457,104,76,,,,
2982,0.8940740740740741,90,90,,,,
2983,0.87820987654321,90,90,,,,
2984,0.9183203175009602,107,73,,,,
2985,0.8916131422924901,92,88,,,,
2986,0.8921544053139491,101,79,,,,
2987,0.8912311422413792,116,64,,,,
2988,0.9158249158249159,99,81,,,,
2989,0.887922077922078,110,70,,,,
2990,0.8853290450272142,86,94,,,,
2991,0.9123090299341696,97,83,0.001,0.9123090299341696,0.38383838383838387,0.0
2992,0.9096802074330166,91,89,,,,
2993,0.919938080495356,95,85,,,,
2994,0.899193039969739,103,77,,,,
2995,0.8964303670186023,102,78,,,,
2996,0.8986875,100,80,,,,
2997,0.8831845238095237,96,84,,,,
2998,0.890687003968254,96,84,,,,
2999,0.9088383512081666,109,71,,,,
3000,0.9159560004943765,93,87,,,,
3001,0.8786333503314635,106,74,,,,
3002,0.9185084578343006,89,91,,,,
3003,0.9412020905923345,98,82,,,,
3004,0.8696887351778655,92,88,,,,
3005,0.8963467492260062,95,85,,,,
3006,0.9278105025692442,101,79,,,,
3007,0.9117096894874672,99,81,,,,
3008,0.9122023809523809,96,84,,,,
3009,0.939165409753645,102,78,,,,
3010,0.9131470109036219,101,79,0.001,0.9131470109036219,0.37373737373737376,0.0
3011,0.8870287698412699,96,84,,,,
3012,0.889625,100,80,,,,
3013,0.8784079218106996,108,72,,,,
3014,0.9213141224692584,83,97,,,,
3015,0.8956274703557312,92,88,,,,
3016,0.8833271536274874,93,87,,,,
3017,0.8672183794466403,92,88,,,,
3018,0.8884610607377965,97,83,,,,
3019,0.8894374999999999,100,80,,,,
3020,0.8959147648468038,103,77,,,,
3021,0.8855000000000001,100,80,,,,
3022,0.8881906421105026,98,82,,,,
3023,0.9090123456790123,90,90,,,,
3024,0.9166666666666667,102,78,,,,
3025,0.8911149825783973,98,82,,,,
3026,0.9352984797923618,93,87,,,,
3027,0.9148468794417883,109,71,,,,
3028,0.9048119742701632,94,86,,,,
3029,0.8905550024888003,98,82,,,,
3030,0.922995385958349,99,81,,,,
3031,0.9164915966386555,112,68,,,,
3032,0.8676695563488015,106,74,,,,
3033,0.9118155236576289,114,66,,,,
3034,0.8860625000000001,100,80,,,,
3035,0.8588374115016768,97,83,,,,
3036,0.8868218018914883,98,82,,,,
3037,0.9293968253968254,105,75,,,,
3038,0.8804334365325078,95,85,,,,
3039,0.9207939273270284,98,82,,,,
3040,0.8925599304434232,97,83,,,,
3041,0.8928129638792678,94,86,,,,
3042,0.8660857743171424,93,87,,,,
3043,0.8863157894736843,95,85,,,,
3044,0.9245223730517848,102,78,,,,
3045,0.8923456790123457,90,90,,,,
3046,0.8975858636137382,98,82,,,,
3047,0.8672835672587256,97,83,,,,
3048,0.8890742800642691,93,87,,,,
3049,0.9106666666666666,105,75,,,,
3050,0.8880039820806371,98,82,,,,
3051,0.8740443664619626,101,79,,,,
3052,0.9056591386554621,112,68,,,,
3053,0.8773444292634456,97,83,,,,
3054,0.8980654761904763,96,84,,,,
3055,0.8514999999999999,100,80,,,,
3056,0.9132090336134454,112,68,0.001,0.9132090336134454,0.27272727272727276,0.0
3057,0.8931030086690465,106,74,,,,
3058,0.8962902619375862,101,79,,,,
3059,0.9162539682539682,105,75,,,,
3060,0.9112789655613878,107,73,,,,
3061,0.9031171575749571,113,67,,,,
3062,0.9066551426101987,91,89,,,,
3063,0.8991126543209877,108,72,,,,
3064,0.8994180161943319,104,76,,,,
3065,0.8653385449501954,103,77,,,,
3066,0.9142786561264822,92,88,,,,
3067,0.9145126717942252,103,77,,,,
3068,0.8462543554006968,98,82,,,,
3069,0.8591928813134478,101,79,,,,
3070,0.9432028645511791,89,91,,,,
3071,0.8856965944272446,95,85,,,,
